crioulo,phono,phono_TRSV,phono_CV
Abaço,abaso,V.TV.SV,V.CV.CV
Aberçà,abeɾsaː,V.TVR.SV,V.CVC.CV
abersà,abeɾsaː,V.TVR.SV,V.CVC.CV
aburçá,abuɾsaː,V.TVR.SV,V.CVC.CV
Aburcé,abuɾseː,V.TVR.SV,V.CVC.CV
Ablà,ablaː,V.TRV,V.CCV
Aborcido,aboɾsido,V.TVR.SV.TV,V.CVC.CV.CV
Absença,absensa,V.T.SVR.SV,V.C.CVC.CV
Absente,absente,V.T.SVR.TV,V.C.CVC.CV
Abundamente,abundamente,V.TVR.TV.RVR.TV,V.CVC.CV.CVC.CV
Abysso,abjso,V.TRSSV,V.CCCCV
Acá,akaː,V.TV,V.CV
Acceptà,aseptaː,V.SV.TTV,V.CV.CCV
Acceptação,aseptasaːo,V.SV.TTV.SVV,V.CV.CCV.CVV
Acceptavel,aseptaʋel,V.SV.TTV.TVR,V.CV.CCV.CVC
Acoompinhà,akoompiɲaː,V.TVVR.TV.RV,V.CVVC.CV.CV
Accordá,akoɾdaː,V.TVR.TV,V.CVC.CV
Acoordança,akooɾdansa,V.TVVR.TVR.SV,V.CVVC.CVC.CV
accordancè,akoɾdanseː,V.TVR.TVR.SV,V.CVC.CVC.CV
Acento,asento,V.SVR.TV,V.CVC.CV
Acerto,aseɾto,V.SVR.TV,V.CVC.CV
Achar,at̠ʃaɾ,V.TVR,V.CVC
Açorague,asoɾad̠ʒe,V.SV.RV.TVV,V.CV.CV.CVV
Ade,ade,V.TV,V.CV
adem,adem,V.TVR,V.CVC
Ade,ade,V.TV,V.CV
Adéo,adeːo,V.TVV,V.CVV
Adiôto,adioːto,V.TVV.TV,V.CVV.CV
Adivu,adiʋu,V.TV.TV,V.CV.CV
aDiu creole,adiu kɾeole,V.TVV TRVV.RV,V.CVV CCVV.CV
adio,adio,V.TVV,V.CVV
adéo,adeːo,V.TVV,V.CVV
adibe,adibe,V.TV.TV,V.CV.CV
adive,adiʋe,V.TV.TV,V.CV.CV
Adjudà,ad̠ʒudaː,V.TTV.TV,V.CCV.CV
Admiral,admiɾal,V.TRV.RVR,V.CCV.CVC
Adultéria,adulteːɾia,V.TVR.TV.RVV,V.CVC.CV.CVV
adulteração,adulteɾasaːo,V.TVR.TV.RV.SVV,V.CVC.CV.CV.CVV
Adulterioso,adulteɾiozo,V.TVR.TV.RVV.SV,V.CVC.CV.CVV.CV
adulteiroso,adulteiɾozo,V.TVR.TVV.RV.SV,V.CVC.CVV.CV.CV
Advocat,adʋokat,V.TTV.TV.T,V.CCV.CV.C
Advogador,adʋogadoɾ,V.TTV.TV.TVR,V.CCV.CV.CVC
Affajado,afad̠ʒado,V.TV.TV.TV,V.CV.CV.CV
Affeçan,afesan,V.TV.SVR,V.CV.CVC
Afflictá,afliktaː,V.TRV.TTV,V.CCV.CCV
Ágô,aːgoː,V.TV,V.CV
Agór,agoːɾ,V.TVR,V.CVC
agorra,agora,V.TV.RV,V.CV.CV
agorrè,agoreː,V.TV.RV,V.CV.CV
Agradado,agɾadado,V.TRV.TV.TV,V.CCV.CV.CV
Aguá,aguaː,V.TVV,V.CVV
aguvá,aguʋaː,V.TV.TV,V.CV.CV
Aindè,aindeː,VVR.TV,VVC.CV
Aio,aio,VVV,VVV
Ajo,ad̠ʒo,V.TV,V.CV
Alà,alaː,V.RV,V.CV
allá,alaː,VRRV,VCCV
Albre,albɾe,VR.TRV,VC.CCV
àlbri,aːlbɾi,VR.TRV,VC.CCV
àlbir,aːlbiɾ,VR.TVR,VC.CVC
Aldeano,aldeano,VR.TVV.RV,VC.CVV.CV
Aldia,aldia,VR.TVV,VC.CVV
Alegrado,alegɾado,V.RV.TRV.TV,V.CV.CCV.CV
Alegroso,alegɾozo,V.RV.TRV.SV,V.CV.CCV.CV
Alembrá,alembɾaː,V.RVR.TRV,V.CVC.CCV
Alembração,alembɾasaːo,V.RVR.TRV.SVV,V.CVC.CCV.CVV
Alfada,alfada,VR.TV.TV,VC.CV.CV
Alfàndago,alfaːndago,VR.TVR.TV.TV,VC.CVC.CV.CV
Alfiato,alfiato,VR.TVV.TV,VC.CVV.CV
Algoso,algozo,VR.TV.SV,VC.CV.CV
Alguems,ald̠ʒems,VR.TVVRS,VC.CVVCC
Alhum,aʎum,V.RVR,V.CVC
alum,alum,V.RVR,V.CVC
Alhuma,aʎuma,V.RVRV,V.CVCV
algum de Alhumas,algum de aʎumas,VR.TVR TV V.RVRVS,VC.CVC CV V.CVCVC
Alhumhoras,aʎumoɾas,V.RVRV.RVS,V.CVCV.CVC
Alhumhoras...alhumhoras...,aʎumoɾasaʎumoɾas,V.RVRV.RV.SV.RVRV.RVS,V.CVCV.CV.CV.CVCV.CVC
Allagrá,alagɾaː,VRRV.TRV,VCCV.CCV
allagriá,alagɾiaː,VRRV.TRVV,VCCV.CCVV
Allagre,alagɾe,VRRV.TRV,VCCV.CCV
allagroso,alagɾozo,VRRV.TRV.SV,VCCV.CCV.CV
allegrioso,alegɾiozo,VRRV.TRVV.SV,VCCV.CCVV.CV
Allagria,alagɾia,VRRV.TRVV,VCCV.CCVV
allegri,alegɾi,VRRV.TRV,VCCV.CCV
Almári,almaːɾi,VRRV.RV,VCCV.CV
Almazem,almazem,VRRV.TVR,VCCV.CVC
Almóça,almoːsa,VRRV.SV,VCCV.CV
Alqumas,alqumas,VRqV.RVS,VCqV.CVC
Altividade,altiʋidade,VR.TV.TV.TV.TV,VC.CV.CV.CV.CV
Alumado,alumado,V.RVRV.TV,V.CVCV.CV
Aluminá,aluminaː,V.RVRV.RV,V.CVCV.CV
Alverção,alʋeɾsaːo,VR.TVR.SVV,VC.CVC.CVV
Alvorsà,alʋoɾsaː,VR.TVR.SV,VC.CVC.CV
alversá,alʋeɾsaː,VR.TVR.SV,VC.CVC.CV
Alvoroção,alʋoɾosaːo,VR.TV.RV.SVV,VC.CV.CV.CVV
alvroço,alʋɾoso,VR.TRV.SV,VC.CCV.CV
Causedor,kauzedoɾ,TVV.SV.TVR,CVV.CV.CVC
Depalmião,depalmiaːo,TV.TVRRVVV,CV.CVCCVVV
Amanhão,amaɲaːo,V.RVRVV,V.CVCVV
aminhão,amiɲaːo,V.RVRVV,V.CVCVV
amião,amiaːo,V.RVVV,V.CVVV
amiam,amiam,V.RVVR,V.CVVC
Amaroso,amaɾozo,V.RVRV.SV,V.CVCV.CV
ameroso,ameɾozo,V.RVRV.SV,V.CVCV.CV
amoro,amoɾo,V.RVRV,V.CVCV
Ambal,ambal,VR.TVR,VC.CVC
Améças,ameːsas,V.RV.SVS,V.CV.CVC
Amiçan,amisan,V.RV.SVR,V.CV.CVC
Amizade,amizade,V.RV.TV.TV,V.CV.CV.CV
Amos,amos,V.RVS,V.CVC
Ámper,aːmpeɾ,VR.TVR,VC.CVC
ámperámper,aːmpeɾaːmpeɾ,VR.TV.RVR.TVR,VC.CV.CVC.CVC
Ampér,ampeːɾ,VR.TVR,VC.CVC
Amportà,ampoɾtaː,VR.TVR.TV,VC.CVC.CV
Andà,andaː,VR.TV,VC.CV
andavè,andaʋeː,VR.TV.TV,VC.CV.CV
Anela,anela,V.RVRV,V.CVCV
Anima,anima,V.RVRV,V.CVCV
Anjo-chusmos,and̠ʒot̠ʃuzmos,VR.TV.TVSRVS,VC.CV.CVCCVC
Anjo-cuidador,and̠ʒokuidadoɾ,VR.TV.TVV.TV.TVR,VC.CV.CVV.CV.CVC
Anjo-fallas,and̠ʒofalas,VR.TV.TVRRVS,VC.CV.CVCCVC
Anjo-rosto,and̠ʒoɾosto,VR.TV.RVS.TV,VC.CV.CVC.CV
Anjóla,and̠ʒoːla,VR.TV.RV,VC.CV.CV
Ankerà,ankeɾaː,VR.TV.RV,VC.CV.CV
ancrà,ankɾaː,VR.TRV,VC.CCV
Anno-casa,annokaza,VRRV.TV.SV,VCCV.CV.CV
Anno-dia,annodia,VRRV.TVV,VCCV.CVV
Anoute,anoute,V.RVV.TV,V.CVV.CV
Anciado,ansiado,VR.SVV.TV,VC.CVV.CV
Ansque,anske,VRS.TV,VCC.CV
Antiphono,antifono,VR.TV.TV.RV,VC.CV.CV.CV
Anxiamente,anʃiamente,VR.TVV.RVR.TV,VC.CVV.CVC.CV
Apertamento,apeɾtamento,V.TVR.TV.RVR.TV,V.CVC.CV.CVC.CV
apartamento,apaɾtamento,V.TVR.TV.RVR.TV,V.CVC.CV.CVC.CV
Apinhá,apiɲaː,V.TV.RV,V.CV.CV
Applicação,applikasaːo,V.TTRV.TV.SVV,V.CCCV.CV.CVV
applicaçan,applikasan,V.TTRV.TV.SVR,V.CCCV.CV.CVC
Approval,appɾoʋal,V.TTRV.TVR,V.CCCV.CVC
April,apɾil,V.TRVR,V.CCVC
Aquél,akeːl,V.TVR,V.CVC
aquelle,akele,V.TVRRV,V.CVCCV
Aquelvide,akelʋide,V.TVR.TV.TV,V.CVC.CV.CV
Arco,aɾko,VR.TV,VC.CV
Ária,aːɾia,V.RVV,V.CVV
Arià,aɾiaː,V.RVV,V.CVV
Ariba,aɾiba,V.RV.TV,V.CV.CV
Aromatizàrs,aɾomatizaːɾs,V.RVRV.TV.TVRS,V.CVCV.CV.CVCC
Aros,aɾos,V.RVS,V.CVC
Artaple,aɾtaple,VR.TV.TRV,VC.CV.CCV
Ártei,aːɾtei,VR.TVV,VC.CVV
Articulo,aɾtikulo,VR.TV.TV.RV,VC.CV.CV.CV
Artifiço,aɾtifiso,VR.TV.TV.SV,VC.CV.CV.CV
Artilháris,aɾtiʎaːɾis,VR.TV.RVRVS,VC.CV.CVCVC
Ásper,aːspeɾ,VS.TVR,VC.CVC
Asperà,aspeɾaː,VS.TV.RV,VC.CV.CV
Asperdade,aspeɾdade,VS.TVR.TV.TV,VC.CVC.CV.CV
Assi,asi,VSSV,VCCV
Assilai,asilai,VSSV.RVV,VCCV.CVV
assilei,asilei,VSSV.RVV,VCCV.CVV
Assitanto,asitanto,VSSV.TVR.TV,VCCV.CVC.CV
astanto,astanto,VS.TVR.TV,VC.CVC.CV
Assino,asino,VSSV.RV,VCCV.CV
Assofran,asofɾan,VSSV.TRVR,VCCV.CCVC
Assofrà,asofɾaː,VSSV.TRV,VCCV.CCV
Atà,ataː,V.TV,V.CV
Atarde,ataɾde,V.TVR.TV,V.CVC.CV
Atchà,at̠ʃaː,V.TTV,V.CCV
Até,ateː,V.TV,V.CV
Atramento,atɾamento,V.TRV.RVR.TV,V.CCV.CVC.CV
Atramentá,atɾamentaː,V.TRV.RVR.TV,V.CCV.CVC.CV
atrevimentá,atɾeʋimentaː,V.TRV.TV.RVR.TV,V.CCV.CV.CVC.CV
Atténcia,atːeːnsia,V.TTVR.SVV,V.CCVC.CVV
atténcè,atːeːnseː,V.TTVR.SV,V.CCVC.CV
Attermesan,atːeɾmezan,V.TTVRRV.SVR,V.CCVCCV.CVC
Audénci,audeːnsi,VV.TVR.SV,VV.CVC.CV
Audia,audia,VV.TVV,VV.CVV
Ógost,oːgost,V.TVS.T,V.CVC.C
Avantagem,aʋantad̠ʒem,V.TVR.TV.TVR,V.CVC.CV.CVC
Avelho,aʋeʎo,V.TV.RV,V.CV.CV
Avená,aʋenaː,V.TV.RV,V.CV.CV
Avoà,aʋoaː,V.TVV,V.CVV
Avogado,aʋogado,V.TV.TV.TV,V.CV.CV.CV
Avô-mai,aʋoːmai,V.TV.RVV,V.CV.CVV
Avô-pai,aʋoːpai,V.TV.TVV,V.CV.CVV
Azéte,azeːte,V.TV.TV,V.CV.CV
aziete,aziete,V.TVV.TV,V.CVV.CV
Azeitero,azeiteɾo,V.TVV.TV.RV,V.CVV.CV.CV
azietero,azieteɾo,V.TVV.TV.RV,V.CVV.CV.CV
Baas,bas,TVS,CVC
Bàbaro,baːbaɾo,TV.TV.RV,CV.CV.CV
Bêbi,beːbi,TV.TV,CV.CV
Baclà,baklaː,TV.TRV,CV.CCV
Baclador,bakladoɾ,TV.TRV.TVR,CV.CCV.CVC
Bacladura,bakladuɾa,TV.TRV.TV.RV,CV.CCV.CV.CV
bacaldura,bakalduɾa,TV.TVR.TV.RV,CV.CVC.CV.CV
Bafa,bafa,TV.TV,CV.CV
Bailo,bailo,TVV.RV,CVV.CV
Baiso,baizo,TVV.SV,CVV.CV
baço,baso,TV.SV,CV.CV
Bassá,basaː,TVSSV,CVCCV
Basséza,baseːza,TVSSV.TV,CVCCV.CV
Balança,balansa,TV.RVR.SV,CV.CVC.CV
Balmaçado,balmasado,TVRRV.SV.TV,CVCCV.CV.CV
Balmo,balmo,TVRRV,CVCCV
Bend,bend,TVR.T,CVC.C
Banda-dentro,bandadentɾo,TVR.TV.TVR.TRV,CVC.CV.CVC.CCV
Banda-fora,bandafoɾa,TVR.TV.TV.RV,CVC.CV.CV.CV
Bandérè,bandeːɾeː,TVR.TV.RV,CVC.CV.CV
Bandeya,bandeja,TVR.TV.RV,CVC.CV.CV
Bangià,band̠ʒiaː,TVR.TVV,CVC.CVV
Bank,bank,TVR.T,CVC.C
Benkrut,benkɾut,TVR.TRV.T,CVC.CCV.C
Banths,bants,TVR.TS,CVC.CC
Bariga,baɾiga,TV.RV.TV,CV.CV.CV
Baro,baɾo,TV.RV,CV.CV
báru,baːɾu,TV.RV,CV.CV
Baro-casa,baɾokaza,TV.RV.TV.SV,CV.CV.CV.CV
Barrato,barato,TV.RV.TV,CV.CV.CV
Barrê,bareː,TV.RV,CV.CV
Barido,baɾido,TV.RV.TV,CV.CV.CV
Bàsin,baːzin,TV.SVR,CV.CVC
Bassóra,basoːɾa,TVSSV.RV,CVCCV.CV
Bastanto,bastanto,TVS.TVR.TV,CVC.CVC.CV
Bàtica,baːtika,TV.TV.TV,CV.CV.CV
Batrai,batɾai,TV.TRVV,CV.CCVV
Battà,batːaː,TV.TTV,CV.CCV
Battalho,batːaʎo,TV.TTV.RV,CV.CCV.CV
Batte,batːe,TV.TTV,CV.CCV
Bautismo,bautizmo,TVV.TVSRV,CVV.CVCCV
Bautizá,bautizaː,TVV.TV.TV,CVV.CV.CV
Bautista,bautista,TVV.TVS.TV,CVV.CVC.CV
Bai,bai,TVV,CVV
bei,bei,TVV,CVV
Bazar,bazaɾ,TV.TVR,CV.CVC
bazaara,bazaɾa,TV.TV.RV,CV.CV.CV
Beberajo,bebeɾad̠ʒo,TV.TV.RV.TV,CV.CV.CV.CV
beberai,bebeɾai,TV.TV.RVV,CV.CV.CVV
Beberajochaps,bebeɾad̠ʒot̠ʃaps,TV.TV.RV.TV.TV.TS,CV.CV.CV.CV.CV.CC
Beberão,bebeɾaːo,TV.TV.RVV,CV.CV.CVV
babarão,babaɾaːo,TV.TV.RVV,CV.CV.CVV
bebrão,bebɾaːo,TV.TRVV,CV.CCVV
Bebera,bebeɾa,TV.TV.RV,CV.CV.CV
Béço,beːso,TV.SV,CV.CV
Bíar,biːaɾ,TVVR,CVVC
Bemfeito,bemfeito,TVR.TVV.TV,CVC.CVV.CV
bemfeto,bemfeto,TVR.TV.TV,CVC.CV.CV
Bemfeitos,bemfeitos,TVR.TVV.TVS,CVC.CVV.CVC
Bença,bensa,TVR.SV,CVC.CV
bencè,benseː,TVR.SV,CVC.CV
Bendição,bendisaːo,TVR.TV.SVV,CVC.CV.CVV
Beneficaçan,benefikasan,TV.RV.TV.TV.SVR,CV.CV.CV.CV.CVC
Benigdade,benigdade,TV.RV.TTV.TV,CV.CV.CCV.CV
Benzê,benzeː,TVR.TV,CVC.CV
benzà,benzaː,TVR.TV,CVC.CV
Bénza,beːnza,TVR.TV,CVC.CV
bénzè,beːnzeː,TVR.TV,CVC.CV
Berguer,beɾd̠ʒeɾ,TVR.TVVR,CVC.CVVC
Beryl,beɾjl,TVRRR,CVCCC
Béudo,beːudo,TVV.TV,CVV.CV
Beudice,beudise,TVV.TV.SV,CVV.CV.CV
Baibol,baibol,TVV.TVR,CVV.CVC
Baibol-nomes,baibolnomes,TVV.TVRRV.RVS,CVV.CVCCV.CVC
Bibora,biboɾa,TV.TV.RV,CV.CV.CV
Bijá,bid̠ʒaː,TV.TV,CV.CV
Billiard,biliaɾd,TVRRVVR.T,CVCCVVC.C
Billiard-cámber,biliaɾdkaːmbeɾ,TVRRVVR.TTVR.TVR,CVCCVVC.CCVC.CVC
Bill,bil,TVRR,CVCC
Bisiga,biziga,TV.SV.TV,CV.CV.CV
Bispada,bispada,TVS.TV.TV,CVC.CV.CV
Blada,blada,TRV.TV,CCV.CV
bladè,bladeː,TRV.TV,CCV.CV
Blanket,blanket,TRVR.TV.T,CCVC.CV.C
Blasphemaçan,blasfemasan,TRVS.TV.RV.SVR,CCVC.CV.CV.CVC
Blasphemoso,blasfemozo,TRVS.TV.RV.SV,CCVC.CV.CV.CV
Bõa,boːa,TVV,CVV
Bôt,boːt,TV.T,CV.C
Bobra,bobɾa,TV.TRV,CV.CCV
Bocadè,bokadeː,TV.TV.TV,CV.CV.CV
Bodrimo,bodɾimo,TV.TRV.RV,CV.CCV.CV
Boffetado,bofetado,TV.TV.TV.TV,CV.CV.CV.CV
Boftiá,boftiaː,TV.TTVV,CV.CCVV
buftiá,buftiaː,TV.TTVV,CV.CCVV
Boftada,boftada,TV.TTV.TV,CV.CCV.CV
Boltiá,boltiaː,TVR.TVV,CVC.CVV
Bom,bom,TVR,CVC
Bonancè,bonanseː,TV.RVR.SV,CV.CVC.CV
Bonino,bonino,TV.RVRV,CV.CVCV
Buts,buts,TV.TS,CV.CC
Bordè,boɾdeː,TVR.TV,CVC.CV
Bordiá,boɾdiaː,TVR.TVV,CVC.CVV
Borrecido,boresido,TV.RV.SV.TV,CV.CV.CV.CV
Bota,bota,TV.TV,CV.CV
Botle,botle,TV.TRV,CV.CCV
botei,botei,TV.TVV,CV.CVV
bottal,botːal,TV.TTVR,CV.CCVC
Bottle-vinho,botːleʋiɲo,TV.TTRV.TV.RV,CV.CCCV.CV.CV
Boutic,boutik,TVV.TV.T,CVV.CV.C
Boutiqueiro,boutikeiɾo,TVV.TV.TVV.RV,CVV.CV.CVV.CV
Boventade,boʋentade,TV.TVR.TV.TV,CV.CVC.CV.CV
bovantade,boʋantade,TV.TVR.TV.TV,CV.CVC.CV.CV
Boventademente,boʋentademente,TV.TVR.TV.TV.RVR.TV,CV.CVC.CV.CV.CVC.CV
Bocs,boks,TV.TS,CV.CC
Branca,bɾanka,TRVR.TV,CCVC.CV
Branda,bɾanda,TRVR.TV,CCVC.CV
Brandi,bɾandi,TRVR.TV,CCVC.CV
Branquéza,bɾankeːza,TRVR.TV.TV,CCVC.CV.CV
Brao,bɾao,TRVV,CCVV
brau,bɾau,TRVV,CCVV
Braviá,bɾaʋiaː,TRV.TVV,CCV.CVV
Brazá,bɾazaː,TRV.TV,CCV.CV
Bremellio,bɾemelio,TRV.RVRRVV,CCV.CVCCVV
brimellio,bɾimelio,TRV.RVRRVV,CCV.CVCCVV
brimalho,bɾimaʎo,TRV.RVRV,CCV.CVCV
brimejo,bɾimed̠ʒo,TRV.RV.TV,CCV.CV.CV
Brinc'-de-fogo,bɾinkdefogo,TRVR.TTV.TV.TV,CCVC.CCV.CV.CV
Búrdar,buːɾdaɾ,TVR.TVR,CVC.CVC
Bruffà,bɾufaː,TRV.TV,CCV.CV
Bruffador,bɾufadoɾ,TRV.TV.TVR,CCV.CV.CVC
Bruffamento,bɾufamento,TRV.TV.RVR.TV,CCV.CV.CVC.CV
Bruço,bɾuso,TRV.SV,CCV.CV
Buco,buko,TV.TV,CV.CV
búku,buːku,TV.TV,CV.CV
Bunaca,bunaka,TV.RV.TV,CV.CV.CV
Bunito,bunito,TV.RV.TV,CV.CV.CV
Burà,buɾaː,TV.RV,CV.CV
Burcê,buɾseː,TVR.SV,CVC.CV
burçá,buɾsaː,TVR.SV,CVC.CV
Burdade,buɾdade,TVR.TV.TV,CVC.CV.CV
Búru,buːɾu,TV.RV,CV.CV
Busca,buska,TVS.TV,CVC.CV
Caba,kaba,TV.TV,CV.CV
cava,kaʋa,TV.TV,CV.CV
Cabai,kabai,TV.TVV,CV.CVV
cabaya,kabaja,TV.TV.RV,CV.CV.CV
cuobai,kuobai,TVV.TVV,CVV.CVV
Cabeça,kabesa,TV.TV.SV,CV.CV.CV
cabeçé,kabeseː,TV.TV.SV,CV.CV.CV
Cabelho,kabeʎo,TV.TV.RV,CV.CV.CV
Cabrado,kabɾado,TV.TRV.TV,CV.CCV.CV
Caçaria,kasaɾia,TV.SV.RVV,CV.CV.CVV
Cacada,kakada,TV.TV.TV,CV.CV.CV
Cacho,kat̠ʃo,TV.TV,CV.CV
Cachór,kat̠ʃoːɾ,TV.TVR,CV.CVC
Cachorinho,kat̠ʃoɾiɲo,TV.TV.RVRV,CV.CV.CVCV
Cadahora,kadaoɾa,TV.TVV.RV,CV.CVV.CV
cadora,kadoɾa,TV.TV.RV,CV.CV.CV
cadhor,kadoɾ,TV.TVR,CV.CVC
Cadhum,kadum,TV.TVR,CV.CVC
Cadè,kadeː,TV.TV,CV.CV
Cadéra,kadeːɾa,TV.TV.RV,CV.CV.CV
Cadia,kadia,TV.TVV,CV.CVV
Caflà,kaflaː,TV.TRV,CV.CCV
Caflação,kaflasaːo,TV.TRV.SVV,CV.CCV.CVV
Cafrana,kafɾana,TV.TRV.RV,CV.CCV.CV
Cahidas-per-traz,kaidaspeɾtɾas,TVV.TVS.TVR.TRVS,CVV.CVC.CVC.CCVC
Caix,kaiʃ,TVV.T,CVV.C
Calão,kalaːo,TV.RVV,CV.CVV
Càlis,kaːlis,TV.RVS,CV.CVC
Calmo,kalmo,TVRRV,CVCCV
Calquinha,kalkiɲa,TVR.TV.RV,CVC.CV.CV
Calsão,kalsaːo,TVR.SVV,CVC.CVV
Calvàri,kalʋaːɾi,TVR.TV.RV,CVC.CV.CV
Cambiador,kambiadoɾ,TVR.TVV.TVR,CVC.CVV.CVC
Cambra,kambɾa,TVR.TRV,CVC.CCV
cambrè,kambɾeː,TVR.TRV,CVC.CCV
càmber,kaːmbeɾ,TVR.TVR,CVC.CVC
Cambrão,kambɾaːo,TVR.TRVV,CVC.CCVV
Cam'rado,kamɾado,TVRRV.TV,CVCCV.CV
cambrado,kambɾado,TVR.TRV.TV,CVC.CCV.CV
Campal,kampal,TVR.TVR,CVC.CVC
Can',kan,TVR,CVC
candè,kandeː,TVR.TV,CVC.CV
Canàlhi,kanaːʎi,TV.RVRV,CV.CVCV
Cançàs,kansaːs,TVR.SVS,CVC.CVC
Câncer,kaːnseɾ,TVR.SVR,CVC.CVC
Candecera,kandeseɾa,TVR.TV.SV.RV,CVC.CV.CV.CV
can'cera,kanseɾa,TVR.SV.RV,CVC.CV.CV
Candelàr,kandelaːɾ,TVR.TV.RVR,CVC.CV.CVC
candelér,kandeleːɾ,TVR.TV.RVR,CVC.CV.CVC
Cândia,kaːndia,TVR.TVV,CVC.CVV
Canto,kanto,TVR.TV,CVC.CV
Kep,kep,TV.T,CV.C
Capas,kapas,TV.TVS,CV.CVC
Capitel,kapitel,TV.TV.TVR,CV.CV.CVC
Captão,kaptaːo,TV.TTVV,CV.CCVV
capitano,kapitano,TV.TV.TV.RV,CV.CV.CV.CV
Caravão,kaɾaʋaːo,TV.RV.TVV,CV.CV.CVV
Careiro,kaɾeiɾo,TV.RVV.RV,CV.CVV.CV
cararo,kaɾaɾo,TV.RVRV,CV.CVCV
Cargá,kaɾgaː,TVR.TV,CVC.CV
Cargação,kaɾgasaːo,TVR.TV.SVV,CVC.CV.CVV
Cari,kaɾi,TV.RV,CV.CV
Caria,kaɾia,TV.RVV,CV.CVV
Caridavel,kaɾidaʋel,TV.RV.TV.TVR,CV.CV.CV.CVC
Caringuejo,kaɾind̠ʒed̠ʒo,TV.RVR.TVV.TV,CV.CVC.CVV.CV
Caristia,kaɾistia,TV.RVS.TVV,CV.CVC.CVV
caristi,kaɾisti,TV.RVS.TV,CV.CVC.CV
carrestia,karestia,TV.RVS.TVV,CV.CVC.CVV
Carrete,karete,TV.RV.TV,CV.CV.CV
careta,kaɾeta,TV.RV.TV,CV.CV.CV
caretè,kaɾeteː,TV.RV.TV,CV.CV.CV
Carro,karo,TV.RV,CV.CV
Cartá,kaɾtaː,TVR.TV,CVC.CV
Carta-mesa,kaɾtameza,TVR.TV.RV.SV,CVC.CV.CV.CV
Cartè,kaɾteː,TVR.TV,CVC.CV
Casa-lugária,kazalugaːɾia,TV.SV.RV.TV.RVV,CV.CV.CV.CV.CVV
Casa-porta,kazapoɾta,TV.SV.TVR.TV,CV.CV.CVC.CV
Casião,kaziaːo,TV.SVVV,CV.CVVV
Cassa,kasa,TVSSV,CVCCV
Cassão,kasaːo,TVSSVV,CVCCVV
Castella,kastela,TVS.TVRRV,CVC.CVCCV
castellé,kasteleː,TVS.TVRRV,CVC.CVCCV
Castigação,kastigasaːo,TVS.TV.TV.SVV,CVC.CV.CV.CVV
Cativeira,katiʋeiɾa,TV.TV.TVV.RV,CV.CV.CVV.CV
Catividade,katiʋidade,TV.TV.TV.TV.TV,CV.CV.CV.CV.CV
Catàrr,kataːr,TV.TVR,CV.CVC
Causo,kauzo,TVV.SV,CVV.CV
Cavador,kaʋadoɾ,TV.TV.TVR,CV.CV.CVC
Cavalheria,kaʋaʎeɾia,TV.TV.RVRVV,CV.CV.CVCVV
Cavente,kaʋente,TV.TVR.TV,CV.CVC.CV
Cavelyéro,kaʋeljeːɾo,TV.TVRRV.RV,CV.CVCCV.CV
Cavelo,kaʋelo,TV.TV.RV,CV.CV.CV
Caverno,kaʋeɾno,TV.TVRRV,CV.CVCCV
Caxa,kaʃa,TV.TV,CV.CV
Cendê,sendeː,SVR.TV,CVC.CV
Cento,sento,SVR.TV,CVC.CV
centa,senta,SVR.TV,CVC.CV
Cents,sents,SVR.TS,CVC.CC
Ceremonio,seɾemonio,SV.RVRV.RVV,CV.CVCV.CVV
Certeza,seɾteza,SVR.TV.TV,CVC.CV.CV
certézè,seɾteːzeː,SVR.TV.TV,CVC.CV.CV
Chabuco,t̠ʃabuko,TV.TV.TV,CV.CV.CV
chabuca,t̠ʃabuka,TV.TV.TV,CV.CV.CV
Chalo,t̠ʃalo,TV.RV,CV.CV
Chan,t̠ʃan,TVR,CVC
Chap,t̠ʃap,TV.T,CV.C
Chápè,t̠ʃaːpeː,TV.TV,CV.CV
Chape,t̠ʃape,TV.TV,CV.CV
Chart,t̠ʃaɾt,TVR.T,CVC.C
Chela,t̠ʃela,TV.RV,CV.CV
Chéo,t̠ʃeːo,TVV,CVV
Chéro,t̠ʃeːɾo,TV.RV,CV.CV
chiero,t̠ʃieɾo,TVV.RV,CVV.CV
chiesto,t̠ʃiesto,TVVS.TV,CVVC.CV
chisto,t̠ʃisto,TVS.TV,CVC.CV
Chisto,t̠ʃisto,TVS.TV,CVC.CV
Chiado,t̠ʃiado,TVV.TV,CVV.CV
Cheadice,t̠ʃeadise,TVV.TV.SV,CVV.CV.CV
chediça,t̠ʃedisa,TV.TV.SV,CV.CV.CV
chidiça,t̠ʃidisa,TV.TV.SV,CV.CV.CV
chidice,t̠ʃidise,TV.TV.SV,CV.CV.CV
Chedice-lingua,t̠ʃediselingua,TV.TV.SV.RVR.TVV,CV.CV.CV.CVC.CVV
China-patàz,t̠ʃinapataːs,TV.RV.TV.TVS,CV.CV.CV.CVC
Chinglà,t̠ʃinglaː,TVR.TRV,CVC.CCV
Chipi,t̠ʃipi,TV.TV,CV.CV
Chita,t̠ʃita,TV.TV,CV.CV
Chocarréa,t̠ʃokareːa,TV.TV.RVV,CV.CV.CVV
choqueria,t̠ʃokeɾia,TV.TV.RVV,CV.CV.CVV
Chomà,t̠ʃomaː,TV.RV,CV.CV
Chóma,t̠ʃoːma,TV.RV,CV.CV
Chorrà,t̠ʃoraː,TV.RV,CV.CV
churá,t̠ʃuɾaː,TV.RV,CV.CV
Chóve,t̠ʃoːʋe,TV.TV,CV.CV
Cristendade,kɾistendade,TRVS.TVR.TV.TV,CCVC.CVC.CV.CV
Cristmas,kɾistmas,TRVS.TRVS,CCVC.CCVC
Chuchadas,t̠ʃut̠ʃadas,TV.TV.TVS,CV.CV.CVC
Chuchado,t̠ʃut̠ʃado,TV.TV.TV,CV.CV.CV
Chulo,t̠ʃulo,TV.RV,CV.CV
Chumà,t̠ʃumaː,TV.RV,CV.CV
Chumaço,t̠ʃumaso,TV.RV.SV,CV.CV.CV
Chunambo,t̠ʃunambo,TV.RVR.TV,CV.CVC.CV
Chusmo,t̠ʃuzmo,TVSRV,CVCCV
Cinquo,sinkuo,SVR.TVV,CVC.CVV
cinquè,sinkeː,SVR.TV,CVC.CV
Cinquento,sinkento,SVR.TVR.TV,CVC.CVC.CV
Cintura,sintuɾa,SVR.TV.RV,CVC.CV.CV
Cinturà,sintuɾaː,SVR.TV.RV,CVC.CV.CV
Circumcisá,siɾkumsizaː,SVR.TVR.SV.SV,CVC.CVC.CV.CV
circumciá,siɾkumsiaː,SVR.TVR.SVV,CVC.CVC.CVV
Circumcido,siɾkumsido,SVR.TVR.SV.TV,CVC.CVC.CV.CV
Cizo,sizo,SV.TV,CV.CV
Cizomente,sizomente,SV.TV.RVR.TV,CV.CV.CVC.CV
Clar,klaɾ,TRVR,CCVC
Clarmente,klaɾmente,TRVRRVR.TV,CCVCCVC.CV
Cóber,koːbeɾ,TV.TVR,CV.CVC
Cobiço,kobiso,TV.TV.SV,CV.CV.CV
Kófi,koːfi,TV.TV,CV.CV
Coidá,kojdaː,TVR.TV,CVC.CV
Coidado,kojdado,TVR.TV.TV,CVC.CV.CV
Çoità,sojtaː,SVR.TV,CVC.CV
Coitado,kojtado,TVR.TV.TV,CVC.CV.CV
Colleição,koleisaːo,TVRRVV.SVV,CVCCVV.CVV
Color,koloɾ,TV.RVR,CV.CVC
clor,kloɾ,TRVR,CCVC
Columno,kolumno,TV.RVRRV,CV.CVCCV
Cóma,koːma,TV.RV,CV.CV
comè,komeː,TV.RV,CV.CV
Combersan,kombeɾsan,TVR.TVR.SVR,CVC.CVC.CVC
Começa,komesa,TV.RV.SV,CV.CV.CV
Comedi,komedi,TV.RV.TV,CV.CV.CV
comédè,komeːdeː,TV.RV.TV,CV.CV.CV
Comera,komeɾa,TV.RVRV,CV.CVCV
comêrè,komeːɾeː,TV.RVRV,CV.CVCV
comero,komeɾo,TV.RVRV,CV.CVCV
comeira,komeiɾa,TV.RVV.RV,CV.CVV.CV
coméria,komeːɾia,TV.RVRVV,CV.CVCVV
Comers,komeɾs,TV.RVRS,CV.CVCC
Comfortable,komfoɾtable,TVR.TVR.TV.TRV,CVC.CVC.CV.CCV
Comidá,komidaː,TV.RV.TV,CV.CV.CV
Comidação,komidasaːo,TV.RV.TV.SVV,CV.CV.CV.CVV
Commettá,kometːaː,TVRRV.TTV,CVCCV.CCV
Comménda,komeːnda,TVRRVR.TV,CVCCVC.CV
Comminhão,komiɲaːo,TVRRV.RVV,CVCCV.CVV
Communigá,komunigaː,TVRRV.RV.TV,CVCCV.CV.CV
Companha,kompaɲa,TVR.TV.RV,CVC.CV.CV
compinha,kompiɲa,TVR.TV.RV,CVC.CV.CV
Companhà,kompaɲaː,TVR.TV.RV,CVC.CV.CV
compinhà,kompiɲaː,TVR.TV.RV,CVC.CV.CV
Companhamen-to,kompaɲamento,TVR.TV.RVRVR.TV,CVC.CV.CVCVC.CV
companhimento,kompaɲimento,TVR.TV.RVRVR.TV,CVC.CV.CVCVC.CV
compinhamento,kompiɲamento,TVR.TV.RVRVR.TV,CVC.CV.CVCVC.CV
Compinhador,kompiɲadoɾ,TVR.TV.RV.TVR,CVC.CV.CV.CVC
Companhério,kompaɲeːɾio,TVR.TV.RVRVV,CVC.CV.CVCVV
compinheiro,kompiɲeiɾo,TVR.TV.RVV.RV,CVC.CV.CVV.CV
Compania,kompania,TVR.TV.RVV,CVC.CV.CVV
Competè,kompeteː,TVR.TV.TV,CVC.CV.CV
competá,kompetaː,TVR.TV.TV,CVC.CV.CV
Complemento,komplemento,TVR.TRV.RVR.TV,CVC.CCV.CVC.CV
Compridão,kompɾidaːo,TVR.TRV.TVV,CVC.CCV.CVV
comperdão,kompeɾdaːo,TVR.TVR.TVV,CVC.CVC.CVV
compramento,kompɾamento,TVR.TRV.RVR.TV,CVC.CCV.CVC.CV
Comtodo,komtodo,TVR.TV.TV,CVC.CV.CV
Con'cé,konseː,TVR.SV,CVC.CV
Cóncert,koːnseɾt,TVR.SVR.T,CVC.CVC.C
Concertá,konseɾtaː,TVR.SVR.TV,CVC.CVC.CV
Concérta,konseːɾta,TVR.SVR.TV,CVC.CVC.CV
Concià,konsiaː,TVR.SVV,CVC.CVV
Condiná,kondinaː,TVR.TV.RV,CVC.CV.CV
Condinação,kondinasaːo,TVR.TV.RV.SVV,CVC.CV.CV.CVV
Confessão,konfesaːo,TVR.TVSSVV,CVC.CVCCVV
confesso,konfeso,TVR.TVSSV,CVC.CVCCV
Confiador,konfiadoɾ,TVR.TVV.TVR,CVC.CVV.CVC
Confidença,konfidensa,TVR.TV.TVR.SV,CVC.CV.CVC.CV
Confina,konfina,TVR.TV.RV,CVC.CV.CV
Conforma,konfoɾma,TVR.TVRRV,CVC.CVCCV
Confundá,konfundaː,TVR.TVR.TV,CVC.CVC.CV
Confusado,konfuzado,TVR.TV.SV.TV,CVC.CV.CV.CV
condusadoso,konduzadozo,TVR.TV.SV.TV.SV,CVC.CV.CV.CV.CV
Consciancia,konssiansia,TVRSSVVR.SVV,CVCCCVVC.CVV
conscencia,konssensia,TVRSSVR.SVV,CVCCCVC.CVV
Consecrá,konsekɾaː,TVR.SV.TRV,CVC.CV.CCV
Consecração,konsekɾasaːo,TVR.SV.TRV.SVV,CVC.CV.CCV.CVV
Conselà,konselaː,TVR.SV.RV,CVC.CV.CV
Conselação,konselasaːo,TVR.SV.RV.SVV,CVC.CV.CV.CVV
consalação,konsalasaːo,TVR.SV.RV.SVV,CVC.CV.CV.CVV
Conselador,konseladoɾ,TVR.SV.RV.TVR,CVC.CV.CV.CVC
Conselyo,konseljo,TVR.SVRRV,CVC.CVCCV
Conselharo,konseʎaɾo,TVR.SV.RVRV,CVC.CV.CVCV
conselhéro,konseʎeːɾo,TVR.SV.RVRV,CVC.CV.CVCV
conseleiro,konseleiɾo,TVR.SV.RVV.RV,CVC.CV.CVV.CV
Consente,konsente,TVR.SVR.TV,CVC.CVC.CV
Consequences,konsekenses,TVR.SV.TVR.SVS,CVC.CV.CVC.CVC
Consistá,konsistaː,TVR.SVS.TV,CVC.CVC.CV
Constrangà,konstɾangaː,TVRS.TRVR.TV,CVCC.CCVC.CV
Constructado,konstɾuktado,TVRS.TRV.TTV.TV,CVCC.CCV.CCV.CV
Consuma,konsuma,TVR.SV.RV,CVC.CV.CV
Conta-papel,kontapapel,TVR.TV.TV.TVR,CVC.CV.CV.CVC
Contendo,kontendo,TVR.TVR.TV,CVC.CVC.CV
Contentado,kontentado,TVR.TVR.TV.TV,CVC.CVC.CV.CV
Conter,konteɾ,TVR.TVR,CVC.CVC
Contino,kontino,TVR.TV.RV,CVC.CV.CV
continual,kontinual,TVR.TV.RVVR,CVC.CV.CVVC
Continualmente,kontinualmente,TVR.TV.RVVRRVR.TV,CVC.CV.CVVCCVC.CV
Contradizão,kontɾadizaːo,TVR.TRV.TV.TVV,CVC.CCV.CV.CVV
contradiza,kontɾadiza,TVR.TRV.TV.TV,CVC.CCV.CV.CV
Contrairo,kontɾaiɾo,TVR.TRVV.RV,CVC.CCVV.CV
Contriá,kontɾiaː,TVR.TRVV,CVC.CCVV
Contriação,kontɾiasaːo,TVR.TRVV.SVV,CVC.CCVV.CVV
Conversão,konʋeɾsaːo,TVR.TVR.SVV,CVC.CVC.CVV
Convertà,konʋeɾtaː,TVR.TVR.TV,CVC.CVC.CV
Convertação,konʋeɾtasaːo,TVR.TVR.TV.SVV,CVC.CVC.CV.CVV
Convidação,konʋidasaːo,TVR.TV.TV.SVV,CVC.CV.CV.CVV
Convinçà,konʋinsaː,TVR.TVR.SV,CVC.CVC.CV
Copa,kopa,TV.TV,CV.CV
cope,kope,TV.TV,CV.CV
Copa-ti,kopati,TV.TV.TV,CV.CV.CV
Copra,kopɾa,TV.TRV,CV.CCV
Copy,kopj,TV.TR,CV.CC
Coragè,koɾad̠ʒeː,TV.RV.TV,CV.CV.CV
corajo,koɾad̠ʒo,TV.RV.TV,CV.CV.CV
courajo,kouɾad̠ʒo,TVV.RV.TV,CVV.CV.CV
Coragemente,koɾad̠ʒemente,TV.RV.TV.RVR.TV,CV.CV.CV.CVC.CV
Cordà,koɾdaː,TVR.TV,CVC.CV
cordià,koɾdiaː,TVR.TVV,CVC.CVV
Cordè,koɾdeː,TVR.TV,CVC.CV
Cores,koɾes,TV.RVS,CV.CVC
Coresmo,koɾezmo,TV.RVSRV,CV.CVCCV
Corovà,koɾoʋaː,TV.RV.TV,CV.CV.CV
Corovè,koɾoʋeː,TV.RV.TV,CV.CV.CV
Correctà,korektaː,TV.RV.TTV,CV.CV.CCV
corrigá,korigaː,TV.RV.TV,CV.CV.CV
Correição,koreisaːo,TV.RVV.SVV,CV.CVV.CVV
Correntè,korenteː,TV.RVR.TV,CV.CVC.CV
currento,kurento,TV.RVR.TV,CV.CVC.CV
Corruptido,koruptido,TV.RV.TTV.TV,CV.CV.CCV.CV
Côrto,koːɾto,TVR.TV,CVC.CV
Cósse,koːse,TVSSV,CVCCV
Cossià,kosiaː,TVSSVV,CVCCVV
Cossér,koseːɾ,TVSSVR,CVCCVC
Costa,kosta,TVS.TV,CVC.CV
Couraço,kouɾaso,TVV.RV.SV,CVV.CV.CV
Kôrt,koːɾt,TVR.T,CVC.C
Cóusus,koːuzus,TVV.SVS,CVV.CVC
cousès,kouzeːs,TVV.SVS,CVV.CVC
Cóver,koːʋeɾ,TV.TVR,CV.CVC
Covodo,koʋodo,TV.TV.TV,CV.CV.CV
covido,koʋido,TV.TV.TV,CV.CV.CV
Creditor,kɾeditoɾ,TRV.TV.TVR,CCV.CV.CVC
Crem,kɾem,TRVR,CCVC
Crescentà,kɾessentaː,TRVSSVR.TV,CCVCCVC.CV
criscentá,kɾissentaː,TRVSSVR.TV,CCVCCVC.CV
Criançè,kɾianseː,TRVVR.SV,CCVVC.CV
criença,kɾiensa,TRVVR.SV,CCVVC.CV
Criminal,kɾiminal,TRV.RVRVR,CCV.CVCVC
Criscé,kɾisseː,TRVSSV,CCVCCV
crisé,kɾizeː,TRV.SV,CCV.CV
Crucifigà,kɾusifigaː,TRV.SV.TV.TV,CCV.CV.CV.CV
Cruveldade,kɾuʋeldade,TRV.TVR.TV.TV,CCV.CVC.CV.CV
Cubicè,kubiseː,TV.TV.SV,CV.CV.CV
cubiço,kubiso,TV.TV.SV,CV.CV.CV
Kuda,kuda,TV.TV,CV.CV
Cuidade,kuidade,TVV.TV.TV,CVV.CV.CV
cuidação,kuidasaːo,TVV.TV.SVV,CVV.CV.CVV
cuidança,kuidansa,TVV.TVR.SV,CVV.CVC.CV
cuidancè,kuidanseː,TVV.TVR.SV,CVV.CVC.CV
Cuidadomente,kuidadomente,TVV.TV.TV.RVR.TV,CVV.CV.CV.CVC.CV
cuidademente,kuidademente,TVV.TV.TV.RVR.TV,CVV.CV.CV.CVC.CV
Cujéra,kud̠ʒeːɾa,TV.TV.RV,CV.CV.CV
Cale,kale,TV.RV,CV.CV
cúli,kuːli,TV.RV,CV.CV
Culpador,kulpadoɾ,TVR.TV.TVR,CVC.CV.CVC
Cum,kum,TVR,CVC
Cumaso,kumazo,TV.RV.SV,CV.CV.CV
Cum'sá,kumsaː,TVR.SV,CVC.CV
Cupá,kupaː,TV.TV,CV.CV
Cupação,kupasaːo,TV.TV.SVV,CV.CV.CVV
Curá,kuɾaː,TV.RV,CV.CV
Cural,kuɾal,TV.RVR,CV.CVC
Curavè,kuɾaʋeː,TV.RV.TV,CV.CV.CV
Curtezia,kuɾtezia,TVR.TV.TVV,CVC.CV.CVV
Cusá,kuzaː,TV.SV,CV.CV
Cúsa,kuːza,TV.SV,CV.CV
Cúspi,kuːspi,TVS.TV,CVC.CV
cóspi,koːspi,TVS.TV,CVC.CV
Custúma,kustuːma,TVS.TV.RV,CVC.CV.CV
custumo,kustumo,TVS.TV.RV,CVC.CV.CV
Customà,kustomaː,TVS.TV.RV,CVC.CV.CV
Dace,dase,TV.SV,CV.CV
Dàlhi,daːʎi,TV.RV,CV.CV
dàlyi,daːlji,TVRRV,CVCCV
dàhi,daːi,TVV,CVV
dàji,daːd̠ʒi,TV.TV,CV.CV
Dádimo,daːdimo,TV.TV.RV,CV.CV.CV
Danà,danaː,TV.RV,CV.CV
Danação,danasaːo,TV.RV.SVV,CV.CV.CVV
Danaficà,danafikaː,TV.RV.TV.TV,CV.CV.CV.CV
Danaficação,danafikasaːo,TV.RV.TV.TV.SVV,CV.CV.CV.CV.CVV
Dandy,dandj,TVR.TR,CVC.CC
Darté,daɾteː,TVR.TV,CVC.CV
derté,deɾteː,TVR.TV,CVC.CV
Dar-tomars,daɾtomaɾs,TVR.TV.RVRS,CVC.CV.CVCC
Decémber,deseːmbeɾ,TV.SVR.TVR,CV.CVC.CVC
De-ceos-visitador,deseosʋizitadoɾ,TV.SVVS.TV.SV.TV.TVR,CV.CVVC.CV.CV.CV.CVC
Dè,deː,TV,CV
Dedia,dedia,TV.TVV,CV.CVV
Dek,dek,TV.T,CV.C
Declarão,deklaɾaːo,TV.TRV.RVV,CV.CCV.CVV
Deféncia,defeːnsia,TV.TVR.SVV,CV.CVC.CVV
defencè,defenseː,TV.TVR.SV,CV.CVC.CV
Deido,deido,TVV.TV,CVV.CV
Deixa,deiʃa,TVV.TV,CVV.CV
dessa,desa,TVSSV,CVCCV
Demóni,demoːni,TV.RVRV,CV.CVCV
Denheiro,deɲeiɾo,TV.RVV.RV,CV.CVV.CV
Déntor,deːntoɾ,TVR.TVR,CVC.CVC
Dentro-voz,dentɾoʋos,TVR.TRV.TVS,CVC.CCV.CVC
Deos-bénza,deosbeːnza,TVVS.TVR.TV,CVVC.CVC.CV
Dér,deːɾ,TVR,CVC
Deremá,deɾemaː,TV.RVRV,CV.CVCV
Desasparà,dezaspaɾaː,TV.SVS.TV.RV,CV.CVC.CV.CV
Descargà,deskaɾgaː,TVS.TVR.TV,CVC.CVC.CV
Desci,dessi,TVSSV,CVCCV
Desclorà,deskloɾaː,TVS.TRV.RV,CVC.CCV.CV
Descompetido,deskompetido,TVS.TVR.TV.TV.TV,CVC.CVC.CV.CV.CV
Descompetidomente,deskompetidomente,TVS.TVR.TV.TV.TV.RVR.TV,CVC.CVC.CV.CV.CV.CVC.CV
Descontentado,deskontentado,TVS.TVR.TVR.TV.TV,CVC.CVC.CVC.CV.CV
Descuidação,deskuidasaːo,TVS.TVV.TV.SVV,CVC.CVV.CV.CVV
descuidancè,deskuidanseː,TVS.TVV.TVR.SV,CVC.CVV.CVC.CV
Deseijo,dezeid̠ʒo,TV.SVV.TV,CV.CVV.CV
deselho,dezeʎo,TV.SV.RV,CV.CV.CV
Deseijà,dezeid̠ʒaː,TV.SVV.TV,CV.CVV.CV
Desembarçan,dezembaɾsan,TV.SVR.TVR.SVR,CV.CVC.CVC.CVC
Desempàr,dezempaːɾ,TV.SVR.TVR,CV.CVC.CVC
desemp'raçáo,dezempɾasaːo,TV.SVR.TRV.SVV,CV.CVC.CCV.CVV
Desempará,dezempaɾaː,TV.SVR.TV.RV,CV.CVC.CV.CV
desemprà,dezempɾaː,TV.SVR.TRV,CV.CVC.CCV
Desfamá,desfamaː,TVS.TV.RV,CVC.CV.CV
Desfazedo,desfazedo,TVS.TV.TV.TV,CVC.CV.CV.CV
desfazido,desfazido,TVS.TV.TV.TV,CVC.CV.CV.CV
Desfruitoso,desfɾuitozo,TVS.TRVV.TV.SV,CVC.CCVV.CV.CV
Desgardecé,dezgaɾdeseː,TVS.TVR.TV.SV,CVC.CVC.CV.CV
Desgradecimento,dezgɾadesimento,TVS.TRV.TV.SV.RVR.TV,CVC.CCV.CV.CV.CVC.CV
Desgosto-vida,dezgostoʋida,TVS.TVS.TV.TV.TV,CVC.CVC.CV.CV.CV
Deshonestade,deʃonestade,TV.SV.RVS.TV.TV,CV.CV.CVC.CV.CV
Desià,deziaː,TV.SVV,CV.CVV
disià,diziaː,TV.SVV,CV.CVV
diziá,diziaː,TV.TVV,CV.CVV
Desio,dezio,TV.SVV,CV.CVV
disio,dizio,TV.SVV,CV.CVV
Desimportá,dezimpoɾtaː,TV.SVR.TVR.TV,CV.CVC.CVC.CV
desemportá,dezempoɾtaː,TV.SVR.TVR.TV,CV.CVC.CVC.CV
Desemportado,dezempoɾtado,TV.SVR.TVR.TV.TV,CV.CVC.CVC.CV.CV
Desemportança,dezempoɾtansa,TV.SVR.TVR.TVR.SV,CV.CVC.CVC.CVC.CV
desemportação,dezempoɾtasaːo,TV.SVR.TVR.TV.SVV,CV.CVC.CVC.CV.CVV
Deslimpo,dezlimpo,TVSRVR.TV,CVCCVC.CV
Deslimpéza,dezlimpeːza,TVSRVR.TV.TV,CVCCVC.CV.CV
Deslimpá,dezlimpaː,TVSRVR.TV,CVCCVC.CV
Desmará,dezmaɾaː,TVSRV.RV,CVCCV.CV
Desmasiação,dezmaziasaːo,TVSRV.SVV.SVV,CVCCV.CVV.CVV
Desobedencia,dezobedensia,TV.SV.TV.TVR.SVV,CV.CV.CV.CVC.CVV
Despadaçá,despadasaː,TVS.TV.TV.SV,CVC.CV.CV.CV
Desparança,despaɾansa,TVS.TV.RVR.SV,CVC.CV.CVC.CV
Desparecê,despaɾeseː,TVS.TV.RV.SV,CVC.CV.CV.CV
desparcé,despaɾseː,TVS.TVR.SV,CVC.CVC.CV
Disparcido,dispaɾsido,TVS.TVR.SV.TV,CVC.CVC.CV.CV
Despôde,despoːde,TVS.TV.TV,CVC.CV.CV
Despois,despojs,TVS.TVRS,CVC.CVCC
Despossessá,desposesaː,TVS.TVSSVSSV,CVC.CVCCVCCV
Desprazá,despɾazaː,TVS.TRV.TV,CVC.CCV.CV
Desprendido,despɾendido,TVS.TRVR.TV.TV,CVC.CCVC.CV.CV
Desprovà,despɾoʋaː,TVS.TRV.TV,CVC.CCV.CV
Desproveitoso,despɾoʋeitozo,TVS.TRV.TVV.TV.SV,CVC.CCV.CVV.CV.CV
Destribuá,destɾibuaː,TVS.TRV.TVV,CVC.CCV.CVV
Destribuação,destɾibuasaːo,TVS.TRV.TVV.SVV,CVC.CCV.CVV.CVV
destribução,destɾibusaːo,TVS.TRV.TV.SVV,CVC.CCV.CV.CVV
Destruvé,destɾuʋeː,TVS.TRV.TV,CVC.CCV.CV
destruivé,destɾuiʋeː,TVS.TRVV.TV,CVC.CCVV.CV
destruvà,destɾuʋaː,TVS.TRV.TV,CVC.CCV.CV
Destruiação,destɾuiasaːo,TVS.TRVVV.SVV,CVC.CCVVV.CVV
destruivição,destɾuiʋisaːo,TVS.TRVV.TV.SVV,CVC.CCVV.CV.CVV
destrucção,destɾuksaːo,TVS.TRV.T.SVV,CVC.CCV.C.CVV
Desvai,desʋai,TVS.TVV,CVC.CVV
Desvaloso,desʋalozo,TVS.TV.RV.SV,CVC.CV.CV.CV
Dettà,detːaː,TV.TTV,CV.CCV
Devida,deʋida,TV.TV.TV,CV.CV.CV
déuda,deːuda,TVV.TV,CVV.CV
dieudè,dieudeː,TVVV.TV,CVVV.CV
Devidor,deʋidoɾ,TV.TV.TVR,CV.CV.CVC
dividor,diʋidoɾ,TV.TV.TVR,CV.CV.CVC
Devotado,deʋotado,TV.TV.TV.TV,CV.CV.CV.CV
Devotamos,deʋotamos,TV.TV.TV.RVS,CV.CV.CV.CVC
Dézimo,deːzimo,TV.TV.RV,CV.CV.CV
Dézimos,deːzimos,TV.TV.RVS,CV.CV.CVC
Dezimá,dezimaː,TV.TV.RV,CV.CV.CV
Dez-mil-mil,dezmilmil,TV.TRVRRVR,CV.CCVCCVC
Dezoitè,dezojteː,TV.TVR.TV,CV.CVC.CV
Dia,dia,TVV,CVV
Diabolei,diabolei,TVV.TV.RVV,CVV.CV.CVV
Diamante-jubli,diamanted̠ʒubli,TVV.RVR.TV.TV.TRV,CVV.CVC.CV.CV.CCV
Diantá,diantaː,TVVR.TV,CVVC.CV
Diante-casa,diantekaza,TVVR.TV.TV.SV,CVVC.CV.CV.CV
Differéncia,difeɾeːnsia,TV.TV.RVR.SVV,CV.CV.CVC.CVV
Dinhéro,diɲeːɾo,TV.RVRV,CV.CVCV
Directà,diɾektaː,TV.RV.TTV,CV.CV.CCV
Disaccordancè,dizakoɾdanseː,TV.SV.TVR.TVR.SV,CV.CV.CVC.CVC.CV
Desapprovado,dezappɾoʋado,TV.SV.TTRV.TV.TV,CV.CV.CCCV.CV.CV
Discé,disseː,TVSSV,CVCCV
Discendé,dissendeː,TVSSVR.TV,CVCCVC.CV
Discerto,disseɾto,TVSSVR.TV,CVCCVC.CV
Discete,dissete,TVSSV.TV,CVCCV.CV
Disciplo,dissiplo,TVSSV.TRV,CVCCV.CCV
Disconfiador,diskonfiadoɾ,TVS.TVR.TVV.TVR,CVC.CVC.CVV.CVC
Disconfiadeira,diskonfiadeiɾa,TVS.TVR.TVV.TVV.RV,CVC.CVC.CVV.CVV.CV
Disconsalado,diskonsalado,TVS.TVR.SV.RV.TV,CVC.CVC.CV.CV.CV
Discontentomento,diskontentomento,TVS.TVR.TVR.TV.RVR.TV,CVC.CVC.CVC.CV.CVC.CV
Disconvertido,diskonʋeɾtido,TVS.TVR.TVR.TV.TV,CVC.CVC.CVC.CV.CV
Discourtezia,diskouɾtezia,TVS.TVVR.TV.TVV,CVC.CVVC.CV.CVV
Disemperado,dizempeɾado,TV.SVR.TV.RV.TV,CV.CVC.CV.CV.CV
Disfayeção,disfajesaːo,TVS.TV.RV.SVV,CVC.CV.CV.CVV
Disfiel,disfiel,TVS.TVVR,CVC.CVVC
disfieldado,disfieldado,TVS.TVVR.TV.TV,CVC.CVVC.CV.CV
Disfielmente,disfielmente,TVS.TVVRRVR.TV,CVC.CVVCCVC.CV
Disfieldade,disfieldade,TVS.TVVR.TV.TV,CVC.CVVC.CV.CV
Disgerado,dizd̠ʒeɾado,TVS.TV.RV.TV,CVC.CV.CV.CV
Disgosto,dizgosto,TVS.TVS.TV,CVC.CVC.CV
Dish,diʃ,TVS,CVC
Dishonorá,diʃonoɾaː,TV.SV.RVRV,CV.CV.CVCV
Dishonrável,diʃonɾaːʋel,TV.SVRRV.TVR,CV.CVCCV.CVC
Dislevedado,dizleʋedado,TVSRV.TV.TV.TV,CVCCV.CV.CV.CV
Dismercé,dizmeɾseː,TVSRVR.SV,CVCCVC.CV
Dismercimento,dizmeɾsimento,TVSRVR.SV.RVR.TV,CVCCVC.CV.CVC.CV
Dismissão,dizmisaːo,TVSRVSSVV,CVCCVCCVV
Dismuê,dizmueː,TVSRVV,CVCCVV
Desobdecimento,dezobdesimento,TV.SV.TTV.SV.RVR.TV,CV.CV.CCV.CV.CVC.CV
Disobedecido,dizobedesido,TV.SV.TV.TV.SV.TV,CV.CV.CV.CV.CV.CV
Disperdiçà,dispeɾdisaː,TVS.TVR.TV.SV,CVC.CVC.CV.CV
Dispidê,dispideː,TVS.TV.TV,CVC.CV.CV
Dispôs,dispoːs,TVS.TVS,CVC.CVC
Disprazeiro,dispɾazeiɾo,TVS.TRV.TVV.RV,CVC.CCV.CVV.CV
Disputação,disputasaːo,TVS.TV.TV.SVV,CVC.CV.CV.CVV
Disregulado,dizɾegulado,TVSRV.TV.RV.TV,CVCCV.CV.CV.CV
Disrepartido,dizɾepaɾtido,TVSRV.TVR.TV.TV,CVCCV.CVC.CV.CV
Disrezoado,dizɾezoado,TVSRV.TVV.TV,CVCCV.CVV.CV
Dissilim,disilim,TVSSV.RVR,CVCCV.CVC
Dissaude,disaude,TVSSVV.TV,CVCCVV.CV
Distrançà,distɾansaː,TVS.TRVR.SV,CVC.CCVC.CV
Distrançador,distɾansadoɾ,TVS.TRVR.SV.TVR,CVC.CCVC.CV.CVC
Distranço,distɾanso,TVS.TRVR.SV,CVC.CCVC.CV
Distresso,distɾeso,TVS.TRVSSV,CVC.CCVCCV
Disvalia,disʋalia,TVS.TV.RVV,CVC.CV.CVV
Disvalià,disʋaliaː,TVS.TV.RVV,CVC.CV.CVV
Disvalioso,disʋaliozo,TVS.TV.RVV.SV,CVC.CV.CVV.CV
Dito,dito,TV.TV,CV.CV
Divinidade,diʋinidade,TV.TV.RV.TV.TV,CV.CV.CV.CV.CV
Divudo,diʋudo,TV.TV.TV,CV.CV.CV
Dizido,dizido,TV.TV.TV,CV.CV.CV
Docéro,doseːɾo,TV.SV.RV,CV.CV.CV
Dóctor,doːktoɾ,TV.TTVR,CV.CCVC
Dódo,doːdo,TV.TV,CV.CV
Dodice,dodise,TV.TV.SV,CV.CV.CV
doudiça,doudisa,TVV.TV.SV,CVV.CV.CV
dodiço,dodiso,TV.TV.SV,CV.CV.CV
Dodado,dodado,TV.TV.TV,CV.CV.CV
Doençá,doensaː,TVVR.SV,CVVC.CV
Dolôr,doloːɾ,TV.RVR,CV.CVC
Dominião,dominiaːo,TV.RVRVVV,CV.CVCVVV
Dor-quebrado,doɾkebɾado,TVR.TV.TRV.TV,CVC.CV.CCV.CV
Dós,doːs,TVS,CVC
dous,dous,TVVS,CVVC
Dous-dobrado,dousdobɾado,TVVS.TV.TRV.TV,CVVC.CV.CCV.CV
Doutrino,doutɾino,TVV.TRV.RV,CVV.CCV.CV
Doutro,doutɾo,TVV.TRV,CVV.CCV
Dovencè,doʋenseː,TV.TVR.SV,CV.CVC.CV
Dó-vestido,doːʋestido,TV.TVS.TV.TV,CV.CVC.CV.CV
Dozeiro,dozeiɾo,TV.TVV.RV,CV.CVV.CV
douzeiro,douzeiɾo,TVV.TVV.RV,CVV.CVV.CV
Dózimo,doːzimo,TV.TV.RV,CV.CV.CV
Drek,dɾek,TRV.T,CCV.C
Dréker,dɾeːkeɾ,TRV.TVR,CCV.CVC
Dreito,dɾeito,TRVV.TV,CCVV.CV
dreto,dɾeto,TRV.TV,CCV.CV
Dromi,dɾomi,TRV.RV,CCV.CV
dromé,dɾomeː,TRV.RV,CCV.CV
drumé,dɾumeː,TRV.RV,CCV.CV
Dromiçá,dɾomisaː,TRV.RV.SV,CCV.CV.CV
Dromiçá,dɾomisaː,TRV.RV.SV,CCV.CV.CV
Drop,dɾop,TRV.T,CCV.C
Dúcats,duːkats,TV.TV.TS,CV.CV.CC
Dúki,duːki,TV.TV,CV.CV
Dukesè,dukezeː,TV.TV.SV,CV.CV.CV
Durança,duɾansa,TV.RVR.SV,CV.CVC.CV
Duvidade,duʋidade,TV.TV.TV.TV,CV.CV.CV.CV
duvidança,duʋidansa,TV.TV.TVR.SV,CV.CV.CVC.CV
Duvidando,duʋidando,TV.TV.TVR.TV,CV.CV.CVC.CV
Earnestè,eaɾnesteː,VVRRVS.TV,VVCCVC.CV
Eamestemente,eamestemente,VV.RVS.TV.RVR.TV,VV.CVC.CV.CVC.CV
Earnestidade,eaɾnestidade,VVRRVS.TV.TV.TV,VVCCVC.CV.CV.CV
Egualação,egualasaːo,V.TVV.RV.SVV,V.CVV.CV.CVV
Egualado,egualado,V.TVV.RV.TV,V.CVV.CV.CV
Egualadomente,egualadomente,V.TVV.RV.TV.RVR.TV,V.CVV.CV.CV.CVC.CV
Ementà,ementaː,V.RVR.TV,V.CVC.CV
Emendador,emendadoɾ,V.RVR.TV.TVR,V.CVC.CV.CVC
Emperador,empeɾadoɾ,VR.TV.RV.TVR,VC.CV.CV.CVC
emperdor,empeɾdoɾ,VR.TVR.TVR,VC.CVC.CVC
Empressado,empɾesado,VR.TRVSSV.TV,VC.CCVCCV.CV
Encenso,ensenso,VR.SVR.SV,VC.CVC.CV
Encircà,ensiɾkaː,VR.SVR.TV,VC.CVC.CV
Encontração,enkontɾasaːo,VR.TVR.TRV.SVV,VC.CVC.CCV.CVV
Enculcá,enkulkaː,VR.TVR.TV,VC.CVC.CV
Enculcação,enkulkasaːo,VR.TVR.TV.SVV,VC.CVC.CV.CVV
Enfante,enfante,VR.TVR.TV,VC.CVC.CV
Enferno,enfeɾno,VR.TVRRV,VC.CVCCV
Engeità,end̠ʒeitaː,VR.TVV.TV,VC.CVV.CV
Englanterra,englantera,VR.TRVR.TV.RV,VC.CCVC.CV.CV
Engrato,engɾato,VR.TRV.TV,VC.CCV.CV
Enguento,end̠ʒento,VR.TVVR.TV,VC.CVVC.CV
Enimigo,enimigo,V.RVRV.TV,V.CVCV.CV
enimingo,enimingo,V.RVRVR.TV,V.CVCVC.CV
enemingo,enemingo,V.RVRVR.TV,V.CVCVC.CV
Enjoelho,end̠ʒoeʎo,VR.TVV.RV,VC.CVV.CV
Enjoelhá,end̠ʒoeʎaː,VR.TVV.RV,VC.CVV.CV
Enjusticia,end̠ʒustisia,VR.TVS.TV.SVV,VC.CVC.CV.CVV
Enluminá,enluminaː,VRRV.RVRV,VCCV.CVCV
enlumiá,enlumiaː,VRRV.RVV,VCCV.CVV
Enrodiá,enɾodiaː,VRRV.TVV,VCCV.CVV
Ensinador,ensinadoɾ,VR.SV.RV.TVR,VC.CV.CV.CVC
Ensombrado,ensombɾado,VR.SVR.TRV.TV,VC.CVC.CCV.CV
Enteiro,enteiɾo,VR.TVV.RV,VC.CVV.CV
Enténcia,enteːnsia,VR.TVR.SVV,VC.CVC.CVV
Envéja,enʋeːd̠ʒa,VR.TV.TV,VC.CV.CV
envejè,enʋed̠ʒeː,VR.TV.TV,VC.CV.CV
envéjo,enʋeːd̠ʒo,VR.TV.TV,VC.CV.CV
enveijo,enʋeid̠ʒo,VR.TVV.TV,VC.CVV.CV
Envisté,enʋisteː,VR.TVS.TV,VC.CVC.CV
Erdávè,eɾdaːʋeː,VR.TV.TV,VC.CV.CV
Erdéro,eɾdeːɾo,VR.TV.RV,VC.CV.CV
Eropa,eɾopa,V.RV.TV,V.CV.CV
Escola-mestre,eskolamestɾe,VS.TV.RVRVS.TRV,VC.CV.CVCVC.CCV
Esfriado,esfɾiado,VS.TRVV.TV,VC.CCVV.CV
Esperdiçá,espeɾdisaː,VS.TVR.TV.SV,VC.CVC.CV.CV
esperdicé,espeɾdiseː,VS.TVR.TV.SV,VC.CVC.CV.CV
esperdeçá,espeɾdesaː,VS.TVR.TV.SV,VC.CVC.CV.CV
esperdecê,espeɾdeseː,VS.TVR.TV.SV,VC.CVC.CV.CV
Esperdição,espeɾdisaːo,VS.TVR.TV.SVV,VC.CVC.CV.CVV
Esperta,espeɾta,VS.TVR.TV,VC.CVC.CV
espertel,espeɾtel,VS.TVR.TVR,VC.CVC.CVC
Este,este,VS.TV,VC.CV
Estelei,estelei,VS.TV.RVV,VC.CV.CVV
Estopo,estopo,VS.TV.TV,VC.CV.CV
Etiqua,etikua,V.TV.TVV,V.CV.CVV
Fábre,faːbɾe,TV.TRV,CV.CCV
Faça,fasa,TV.SV,CV.CV
Faê,faeː,TVV,CVV
Fallà,falaː,TVRRV,CVCCV
Fallars,falaɾs,TVRRVRS,CVCCVCC
Falsento,falsento,TVR.SVR.TV,CVC.CVC.CV
Falsodade,falsodade,TVR.SV.TV.TV,CVC.CV.CV.CV
Faltança,faltansa,TVR.TVR.SV,CVC.CVC.CV
Famado,famado,TV.RV.TV,CV.CV.CV
Fámea,faːmea,TV.RVV,CV.CVV
Familha,famiʎa,TV.RVRV,CV.CVCV
familyè,familjeː,TV.RVRRV,CV.CVCCV
Familha-oração,famiʎaoɾasaːo,TV.RVRVV.RV.SVV,CV.CVCVV.CV.CVV
Familhado,famiʎado,TV.RVRV.TV,CV.CVCV.CV
Faz,fas,TVS,CVC
Féxon,feːʃon,TV.TVR,CV.CVC
Favorà,faʋoɾaː,TV.TV.RV,CV.CV.CV
Favorado,faʋoɾado,TV.TV.RV.TV,CV.CV.CV.CV
Favoroso,faʋoɾozo,TV.TV.RV.SV,CV.CV.CV.CV
Favorosomente,faʋoɾozomente,TV.TV.RV.SV.RVR.TV,CV.CV.CV.CV.CVC.CV
Favour,faʋouɾ,TV.TVVR,CV.CVVC
Fàze,faːze,TV.TV,CV.CV
Fazedo,fazedo,TV.TV.TV,CV.CV.CV
fazido,fazido,TV.TV.TV,CV.CV.CV
Fazendo,fazendo,TV.TVR.TV,CV.CVC.CV
Fébruari,feːbɾuaɾi,TV.TRVV.RV,CV.CCVV.CV
Fee,fee,TVV,CVV
Feirréro,feireːɾo,TVV.RVRV,CVV.CVCV
Felizamente,felizamente,TV.RV.TV.RVR.TV,CV.CV.CV.CVC.CV
Felizidade,felizidade,TV.RV.TV.TV.TV,CV.CV.CV.CV.CV
Femè,femeː,TV.RV,CV.CV
Féo,feːo,TVV,CVV
feu,feu,TVV,CVV
Feudade,feudade,TVV.TV.TV,CVV.CV.CV
Ferão,feɾaːo,TV.RVV,CV.CVV
Ferido,feɾido,TV.RV.TV,CV.CV.CV
Fero,feɾo,TV.RV,CV.CV
Ferraro,feraɾo,TV.RVRV,CV.CVCV
Fessão,fesaːo,TVSSVV,CVCCVV
Festè,festeː,TVS.TV,CVC.CV
Festià,festiaː,TVS.TVV,CVC.CVV
Feticeria,fetiseɾia,TV.TV.SV.RVV,CV.CV.CV.CVV
Fetiço,fetiso,TV.TV.SV,CV.CV.CV
Feticéro,fetiseːɾo,TV.TV.SV.RV,CV.CV.CV.CV
Feto,feto,TV.TV,CV.CV
Fiado,fiado,TVV.TV,CVV.CV
Fial,fial,TVVR,CVVC
Ficà,fikaː,TV.TV,CV.CV
Fichà,fit̠ʃaː,TV.TV,CV.CV
Ficticioso,fiktisiozo,TV.TTV.SVV.SV,CV.CCV.CVV.CV
Fieldade,fieldade,TVVR.TV.TV,CVVC.CV.CV
Fifesfifies,fifesfifies,TV.TVS.TV.TVVS,CV.CVC.CV.CVVC
féfes,feːfes,TV.TVS,CV.CVC
fifeis,fifeis,TV.TVVS,CV.CVVC
fifi,fifi,TV.TV,CV.CV
Figas,figas,TV.TVS,CV.CVC
Figo,figo,TV.TV,CV.CV
Filho-de-moça,fiʎodemosa,TV.RV.TV.RV.SV,CV.CV.CV.CV.CV
Filyo,filjo,TVRRV,CVCCV
Firmemento,fiɾmemento,TVRRV.RVR.TV,CVCCV.CVC.CV
Firmidade,fiɾmidade,TVRRV.TV.TV,CVCCV.CV.CV
Fisgà,fizgaː,TVS.TV,CVC.CV
Fitchá,fit̠ʃaː,TV.TTV,CV.CCV
Fitè,fiteː,TV.TV,CV.CV
Flamma,flama,TRVRRV,CCVCCV
Flau,flau,TRVV,CCVV
Flek,flek,TRV.T,CCV.C
Floricé,floɾiseː,TRV.RV.SV,CCV.CV.CV
Floricemento,floɾisemento,TRV.RV.SV.RVR.TV,CCV.CV.CV.CVC.CV
Fogà,fogaː,TV.TV,CV.CV
Fólga,foːlga,TVR.TV,CVC.CV
Folgação,folgasaːo,TVR.TV.SVV,CVC.CV.CVV
Folho,foʎo,TV.RV,CV.CV
Folmac,folmak,TVRRV.T,CVCCV.C
Fome,fome,TV.RV,CV.CV
Fonte-crystal,fontekɾjstal,TVR.TV.TRRS.TVR,CVC.CV.CCCC.CVC
Fontena,fontena,TVR.TV.RV,CVC.CV.CV
Força,foɾsa,TVR.SV,CVC.CV
forcè,foɾseː,TVR.SV,CVC.CV
Forçamente,foɾsamente,TVR.SV.RVR.TV,CVC.CV.CVC.CV
forçadomente,foɾsadomente,TVR.SV.TV.RVR.TV,CVC.CV.CV.CVC.CV
Fordè,foɾdeː,TVR.TV,CVC.CV
fórda,foːɾda,TVR.TV,CVC.CV
Fordaque,foɾdake,TVR.TV.TV,CVC.CV.CV
Forde-sintido,foɾdesintido,TVR.TV.SVR.TV.TV,CVC.CV.CVC.CV.CV
Fórea,foːɾea,TV.RVV,CV.CVV
fória,foːɾia,TV.RVV,CV.CVV
Fornè,foɾneː,TVRRV,CVCCV
Forrè,foreː,TV.RV,CV.CV
Fortelezè,foɾtelezeː,TVR.TV.RV.TV,CVC.CV.CV.CV
fortéza,foɾteːza,TVR.TV.TV,CVC.CV.CV
Fortificação,foɾtifikasaːo,TVR.TV.TV.TV.SVV,CVC.CV.CV.CV.CVV
Fraqueza,fɾakeza,TRV.TV.TV,CCV.CV.CV
Frechador,fɾet̠ʃadoɾ,TRV.TV.TVR,CCV.CV.CVC
Fremoso,fɾemozo,TRV.RV.SV,CCV.CV.CV
Fremosura,fɾemozuɾa,TRV.RV.SV.RV,CCV.CV.CV.CV
fremesura,fɾemezuɾa,TRV.RV.SV.RV,CCV.CV.CV.CV
fremesora,fɾemezoɾa,TRV.RV.SV.RV,CCV.CV.CV.CV
fremasora,fɾemazoɾa,TRV.RV.SV.RV,CCV.CV.CV.CV
Frés,fɾeːs,TRVS,CCVC
frez,fɾes,TRVS,CCVC
Frieudade,fɾieudade,TRVVV.TV.TV,CCVVV.CV.CV
Friu,fɾiu,TRVV,CCVV
Frominga,fɾominga,TRV.RVR.TV,CCV.CVC.CV
fruminga,fɾuminga,TRV.RVR.TV,CCV.CVC.CV
Fronte,fɾonte,TRVR.TV,CCVC.CV
Frosteiro,fɾosteiɾo,TRVS.TVV.RV,CCVC.CVV.CV
frostéro,fɾosteːɾo,TRVS.TV.RV,CCVC.CV.CV
Frúita,fɾuːjta,TRVR.TV,CCVC.CV
Frúito,fɾuːjto,TRVR.TV,CCVC.CV
Fruitoso,fɾuitozo,TRVV.TV.SV,CCVV.CV.CV
Frutofeira,fɾutofeiɾa,TRV.TV.TVV.RV,CCV.CV.CVV.CV
Fugà,fugaː,TV.TV,CV.CV
Fugé,fud̠ʒeː,TV.TV,CV.CV
Fula,fula,TV.RV,CV.CV
fulè,fuleː,TV.RV,CV.CV
Fuma,fuma,TV.RV,CV.CV
Fundà,fundaː,TVR.TV,CVC.CV
Fundemento,fundemento,TVR.TV.RVR.TV,CVC.CV.CVC.CV
Fundéza,fundeːza,TVR.TV.TV,CVC.CV.CV
fundura,funduɾa,TVR.TV.RV,CVC.CV.CV
Furtador,fuɾtadoɾ,TVR.TV.TVR,CVC.CV.CVC
Furtéza,fuɾteːza,TVR.TV.TV,CVC.CV.CV
Furugè,fuɾud̠ʒeː,TV.RV.TV,CV.CV.CV
furuja,fuɾud̠ʒa,TV.RV.TV,CV.CV.CV
Furrugento,furud̠ʒento,TV.RV.TVR.TV,CV.CV.CVC.CV
Gafinhoto,gafiɲoto,TV.TV.RV.TV,CV.CV.CV.CV
Gafo,gafo,TV.TV,CV.CV
Gagueação,gad̠ʒeasaːo,TV.TVVV.SVV,CV.CVVV.CVV
Gáilo,gaːjlo,TVRRV,CVCCV
Gajo,gad̠ʒo,TV.TV,CV.CV
ganyo,ganjo,TVRRV,CVCCV
Ganyà,ganjaː,TVRRV,CVCCV
Galyardè,galjaɾdeː,TVRRVR.TV,CVCCVC.CV
Gamela,gamela,TV.RVRV,CV.CVCV
Gardá,gaɾdaː,TVR.TV,CVC.CV
Gardamento,gaɾdamento,TVR.TV.RVR.TV,CVC.CV.CVC.CV
Gardecé,gaɾdeseː,TVR.TV.SV,CVC.CV.CV
gardicê,gaɾdiseː,TVR.TV.SV,CVC.CV.CV
guardicé,guaɾdiseː,TVVR.TV.SV,CVVC.CV.CV
Gardecimento,gaɾdesimento,TVR.TV.SV.RVR.TV,CVC.CV.CV.CVC.CV
gardicemento,gaɾdisemento,TVR.TV.SV.RVR.TV,CVC.CV.CV.CVC.CV
gardiamento,gaɾdiamento,TVR.TVV.RVR.TV,CVC.CVV.CVC.CV
Gardicidomente,gaɾdisidomente,TVR.TV.SV.TV.RVR.TV,CVC.CV.CV.CV.CVC.CV
Gavà,gaʋaː,TV.TV,CV.CV
gová,goʋaː,TV.TV,CV.CV
Gavação,gaʋasaːo,TV.TV.SVV,CV.CV.CVV
Gaytarios,gajtaɾios,TVR.TV.RVVS,CVC.CV.CVVC
Gazià,gaziaː,TV.TVV,CV.CVV
Gaziação,gaziasaːo,TV.TVV.SVV,CV.CVV.CVV
Gemedores,d̠ʒemedoɾes,TV.RV.TV.RVS,CV.CV.CV.CVC
Gemeduras,d̠ʒemeduɾas,TV.RV.TV.RVS,CV.CV.CV.CVC
Generà,d̠ʒeneɾaː,TV.RVRV,CV.CVCV
Generalmente,d̠ʒeneɾalmente,TV.RVRVRRVR.TV,CV.CVCVCCVC.CV
Gentigo,d̠ʒentigo,TVR.TV.TV,CVC.CV.CV
Geresan,d̠ʒeɾezan,TV.RV.SVR,CV.CV.CVC
Glass,glas,TRVSS,CCVCC
Gloriação,gloɾiasaːo,TRV.RVV.SVV,CCV.CVV.CVV
Goldice,goldise,TVR.TV.SV,CVC.CV.CV
goldiça,goldisa,TVR.TV.SV,CVC.CV.CV
Goldiçà,goldisaː,TVR.TV.SV,CVC.CV.CV
Gotiá,gotiaː,TV.TVV,CV.CVV
Gourdo,gouɾdo,TVVR.TV,CVVC.CV
Govemamento,goʋemamento,TV.TV.RVRVR.TV,CV.CV.CVCVC.CV
Governo,goʋeɾno,TV.TVRRV,CV.CVCCV
Gaun,gaun,TVVR,CVVC
Gracè,gɾaseː,TRV.SV,CCV.CV
grácia,gɾaːsia,TRV.SVV,CCV.CVV
Grado,gɾado,TRV.TV,CCV.CV
Grammar,gɾamaɾ,TRVRRVR,CCVCCVC
Gran,gɾan,TRVR,CCVC
Grande,gɾande,TRVR.TV,CCVC.CV
Grandes,gɾandes,TRVR.TVS,CCVC.CVC
Grandomente,gɾandomente,TRVR.TV.RVR.TV,CCVC.CV.CVC.CV
grandamente,gɾandamente,TRVR.TV.RVR.TV,CCVC.CV.CVC.CV
Grandézè,gɾandeːzeː,TRVR.TV.TV,CCVC.CV.CV
grandura,gɾanduɾa,TRVR.TV.RV,CCVC.CV.CV
grandurè,gɾanduɾeː,TRVR.TV.RV,CCVC.CV.CV
Greja,gɾed̠ʒa,TRV.TV,CCV.CV
Grijo,gɾid̠ʒo,TRV.TV,CCV.CV
Grik,gɾik,TRV.T,CCV.C
Grog,gɾog,TRV.T,CCV.C
Gubernador,gubeɾnadoɾ,TV.TVRRV.TVR,CV.CVCCV.CVC
Gudão,gudaːo,TV.TVV,CV.CVV
Guerrè,d̠ʒereː,TVV.RV,CVV.CV
Guerrà,d̠ʒeraː,TVV.RV,CVV.CV
Guerra-dor,d̠ʒeradoɾ,TVV.RV.TVR,CVV.CV.CVC
Guerrioso,d̠ʒeriozo,TVV.RVV.SV,CVV.CVV.CV
Hanscun,anskun,VRS.TVR,VCC.CVC
Harpo,aɾpo,VR.TV,VC.CV
Hénder,eːndeɾ,VR.TVR,VC.CVC
Herdança,eɾdansa,VR.TVR.SV,VC.CVC.CV
Heregia,eɾed̠ʒia,V.RV.TVV,V.CV.CVV
herecia,eɾesia,V.RV.SVV,V.CV.CVV
Herético,eɾeːtiko,V.RV.TV.TV,V.CV.CV.CV
heréjo,eɾeːd̠ʒo,V.RV.TV,V.CV.CV
Heridá,eɾidaː,V.RV.TV,V.CV.CV
Histórè,istoːɾeː,VS.TV.RV,VC.CV.CV
Hojo,od̠ʒo,V.TV,V.CV
hôjoe,oːd̠ʒoe,V.TVV,V.CVV
Hómbra,oːmbɾa,VR.TRV,VC.CCV
Home,ome,V.RV,V.CV
homi,omi,V.RV,V.CV
Homicido,omisido,V.RV.SV.TV,V.CV.CV.CV
Honeste,oneste,V.RVS.TV,V.CVC.CV
Honestemente,onestemente,V.RVS.TV.RVR.TV,V.CVC.CV.CVC.CV
Honourado,onouɾado,V.RVV.RV.TV,V.CVV.CV.CV
honerado,oneɾado,V.RVRV.TV,V.CVCV.CV
Honoravel,onoɾaʋel,V.RVRV.TVR,V.CVCV.CVC
Hortè,oɾteː,VR.TV,VC.CV
Hortalão,oɾtalaːo,VR.TV.RVV,VC.CV.CVV
hortolão,oɾtolaːo,VR.TV.RVV,VC.CV.CVV
Huã,uaː,VV,VV
Húmè,uːmeː,V.RV,V.CV
Humildo,umildo,V.RVR.TV,V.CVC.CV
Humildeza,umildeza,V.RVR.TV.TV,V.CVC.CV.CV
Humiliação,umiliasaːo,V.RVRVV.SVV,V.CVCVV.CVV
Hypocritico,jpokɾitiko,R.TV.TRV.TV.TV,C.CV.CCV.CV.CV
Aiç,ais,VVS,VVC
Idade,idade,V.TV.TV,V.CV.CV
Idóla,idoːla,V.TV.RV,V.CV.CV
Idolateiro,idolateiɾo,V.TV.RV.TVV.RV,V.CV.CV.CVV.CV
idoloteiro,idoloteiɾo,V.TV.RV.TVV.RV,V.CV.CV.CVV.CV
Ilharga-ferido,iʎaɾgafeɾido,V.RVR.TV.TV.RV.TV,V.CVC.CV.CV.CV.CV
Ilya,ilja,VRRV,VCCV
Ilyarga,iljaɾga,VRRVR.TV,VCCVC.CV
Imajo,imad̠ʒo,V.RV.TV,V.CV.CV
Immudança,imudansa,VRRV.TVR.SV,VCCV.CVC.CV
Impioso,impiozo,VR.TVV.SV,VC.CVV.CV
Importado,impoɾtado,VR.TVR.TV.TV,VC.CVC.CV.CV
Importança,impoɾtansa,VR.TVR.TVR.SV,VC.CVC.CVC.CV
Importadomente,impoɾtadomente,VR.TVR.TV.TV.RVR.TV,VC.CVC.CV.CV.CVC.CV
Impressà,impɾesaː,VR.TRVSSV,VC.CCVCCV
Impressado,impɾesado,VR.TRVSSV.TV,VC.CCVCCV.CV
Impressador,impɾesadoɾ,VR.TRVSSV.TVR,VC.CCVCCV.CVC
Impuridade,impuɾidade,VR.TV.RV.TV.TV,VC.CV.CV.CV.CV
Incensà,insensaː,VR.SVR.SV,VC.CVC.CV
Incenseiro,insenseiɾo,VR.SVR.SVV.RV,VC.CVC.CVV.CV
incenséro,insenseːɾo,VR.SVR.SV.RV,VC.CVC.CV.CV
Incredivel,inkɾediʋel,VR.TRV.TV.TVR,VC.CCV.CV.CVC
Indè,indeː,VR.TV,VC.CV
Indulgéncè,induld̠ʒeːnseː,VR.TVR.TVR.SV,VC.CVC.CVC.CV
Ingratidade,ingɾatidade,VR.TRV.TV.TV.TV,VC.CCV.CV.CV.CV
Inimingo,inimingo,V.RVRVR.TV,V.CVCVC.CV
inemingo,inemingo,V.RVRVR.TV,V.CVCVC.CV
Inexpressavel,ineʃpɾesaʋel,V.RV.TTRVSSV.TVR,V.CV.CCCVCCV.CVC
Infruitoso,infɾuitozo,VR.TRVV.TV.SV,VC.CCVV.CV.CV
Ingres,ingɾes,VR.TRVS,VC.CCVC
Inimizade,inimizade,V.RVRV.TV.TV,V.CVCV.CV.CV
Injoelho,ind̠ʒoeʎo,VR.TVV.RV,VC.CVV.CV
injivelho,ind̠ʒiʋeʎo,VR.TV.TV.RV,VC.CV.CV.CV
injevejo,ind̠ʒeʋed̠ʒo,VR.TV.TV.TV,VC.CV.CV.CV
injivejo,ind̠ʒiʋed̠ʒo,VR.TV.TV.TV,VC.CV.CV.CV
Insincero,insinseɾo,VR.SVR.SV.RV,VC.CVC.CV.CV
Institutà,institutaː,VRS.TV.TV.TV,VCC.CV.CV.CV
Instruição,instɾuisaːo,VRS.TRVV.SVV,VCC.CCVV.CVV
Inténcia,inteːnsia,VR.TVR.SVV,VC.CVC.CVV
inténci,inteːnsi,VR.TVR.SV,VC.CVC.CV
Intercessà,inteɾsesaː,VR.TVR.SVSSV,VC.CVC.CVCCV
Intergridade,inteɾgɾidade,VR.TVR.TRV.TV.TV,VC.CVC.CCV.CV.CV
Internal,inteɾnal,VR.TVRRVR,VC.CVCCVC
Intrudição,intɾudisaːo,VR.TRV.TV.SVV,VC.CCV.CV.CVV
Inveijo,inʋeid̠ʒo,VR.TVV.TV,VC.CVV.CV
Iremão,iɾemaːo,V.RVRVV,V.CVCVV
Irès,iɾeːs,V.RVS,V.CVC
Irmana,iɾmana,VRRV.RV,VCCV.CV
Iscóchi,iskoːt̠ʃi,VS.TV.TV,VC.CV.CV
Ispirito,ispiɾito,VS.TV.RV.TV,VC.CV.CV.CV
Istôri,istoːɾi,VS.TV.RV,VC.CV.CV
Jà,d̠ʒaː,TV,CV
Jadàwe,d̠ʒadaːʋe,TV.TV.TV,CV.CV.CV
Jagra,d̠ʒagɾa,TV.TRV,CV.CCV
Jam,d̠ʒam,TVR,CVC
January,d̠ʒanuaɾj,TV.RVVRR,CV.CVVCC
Jar,d̠ʒaɾ,TVR,CVC
Jarès,d̠ʒaɾeːs,TV.RVS,CV.CVC
Jàsper,d̠ʒaːspeɾ,TVS.TVR,CVC.CVC
Jásper-mar,d̠ʒaːspeɾmaɾ,TVS.TVRRVR,CVC.CVCCVC
Javi,d̠ʒaʋi,TV.TV,CV.CV
javitem,d̠ʒaʋitem,TV.TV.TVR,CV.CV.CVC
Javiran,d̠ʒaʋiɾan,TV.TV.RVR,CV.CV.CVC
Jin,d̠ʒin,TVR,CVC
Jinjúa,d̠ʒind̠ʒuːa,TVR.TVV,CVC.CVV
jinúa,d̠ʒinuːa,TV.RVV,CV.CVV
jinjunação,d̠ʒind̠ʒunasaːo,TVR.TV.RV.SVV,CVC.CV.CV.CVV
Jinjuá,d̠ʒind̠ʒuaː,TVR.TVV,CVC.CVV
Jornado,d̠ʒoɾnado,TVRRV.TV,CVCCV.CV
Jubilee,d̠ʒubilee,TV.TV.RVV,CV.CV.CVV
Judá,d̠ʒudaː,TV.TV,CV.CV
judè,d̠ʒudeː,TV.TV,CV.CV
judança,d̠ʒudansa,TV.TVR.SV,CV.CVC.CV
Judá,d̠ʒudaː,TV.TV,CV.CV
judai,d̠ʒudai,TV.TVV,CV.CVV
Judador,d̠ʒudadoɾ,TV.TV.TVR,CV.CV.CVC
judedor,d̠ʒudedoɾ,TV.TV.TVR,CV.CV.CVC
Jadj,d̠ʒad̠ʒ,TV.TT,CV.CC
Jufrau,d̠ʒufɾau,TV.TRVV,CV.CCVV
Julgação,d̠ʒulgasaːo,TVR.TV.SVV,CVC.CV.CVV
Julgador,d̠ʒulgadoɾ,TVR.TV.TVR,CVC.CV.CVC
Julai,d̠ʒulai,TV.RVV,CV.CVV
Jumbà,d̠ʒumbaː,TVR.TV,CVC.CV
Jumbador,d̠ʒumbadoɾ,TVR.TV.TVR,CVC.CV.CVC
Jiun,d̠ʒiun,TVVR,CVVC
Juntação,d̠ʒuntasaːo,TVR.TV.SVV,CVC.CV.CVV
Juntado,d̠ʒuntado,TVR.TV.TV,CVC.CV.CV
Junto-herdeiro,d̠ʒuntoeɾdeiɾo,TVR.TVVR.TVV.RV,CVC.CVVC.CVV.CV
Junto-obrador,d̠ʒuntoobɾadoɾ,TVR.TVV.TRV.TVR,CVC.CVV.CCV.CVC
Junto-peditóris,d̠ʒuntopeditoːɾis,TVR.TV.TV.TV.TV.RVS,CVC.CV.CV.CV.CV.CVC
Junto-servidor,d̠ʒuntoseɾʋidoɾ,TVR.TV.SVR.TV.TVR,CVC.CV.CVC.CV.CVC
Jurar,d̠ʒuɾaɾ,TV.RVR,CV.CVC
Justá,d̠ʒustaː,TVS.TV,CVC.CV
Justado,d̠ʒustado,TVS.TV.TV,CVC.CV.CV
Justamento,d̠ʒustamento,TVS.TV.RVR.TV,CVC.CV.CVC.CV
Justicia,d̠ʒustisia,TVS.TV.SVV,CVC.CV.CVV
Justo,d̠ʒusto,TVS.TV,CVC.CV
Kokeira,kokeiɾa,TV.TVV.RV,CV.CVV.CV
Labóra,laboːɾa,RV.TV.RV,CV.CV.CV
Lacerdo,laseɾdo,RV.SVR.TV,CV.CVC.CV
Lacrá,lakɾaː,RV.TRV,CV.CCV
Laderan,ladeɾan,RV.TV.RVR,CV.CV.CVC
Ladinha,ladiɲa,RV.TV.RV,CV.CV.CV
Ladroviça,ladɾoʋisa,RV.TRV.TV.SV,CV.CCV.CV.CV
ladraviça,ladɾaʋisa,RV.TRV.TV.SV,CV.CCV.CV.CV
ladravicè,ladɾaʋiseː,RV.TRV.TV.SV,CV.CCV.CV.CV
ladrivicè,ladɾiʋiseː,RV.TRV.TV.SV,CV.CCV.CV.CV
ladervisa,ladeɾʋiza,RV.TVR.TV.SV,CV.CVC.CV.CV
Lagárè,lagaːɾeː,RV.TV.RV,CV.CV.CV
Lágri,laːgɾi,RV.TRV,CV.CCV
láguir,laːd̠ʒiɾ,RV.TVVR,CV.CVVC
Lambrança,lambɾansa,RVR.TRVR.SV,CVC.CCVC.CV
Lemp,lemp,RVR.T,CVC.C
Lampo,lampo,RVR.TV,CVC.CV
Lantá,lantaː,RVR.TV,CVC.CV
Lanterno,lanteɾno,RVR.TVRRV,CVC.CVCCV
Lão,laːo,RVV,CVV
Lapiá,lapiaː,RV.TVV,CV.CVV
Lasta,lasta,RVS.TV,CVC.CV
lastè,lasteː,RVS.TV,CVC.CV
Lastimo,lastimo,RVS.TV.RV,CVC.CV.CV
Lastro,lastɾo,RVS.TRV,CVC.CCV
lástor,laːstoɾ,RVS.TVR,CVC.CVC
Laviação,laʋiasaːo,RV.TVV.SVV,CV.CVV.CVV
Lavração,laʋɾasaːo,RV.TRV.SVV,CV.CCV.CVV
Lé,leː,RV,CV
Lego,lego,RV.TV,CV.CV
leagou,leagou,RVV.TVV,CVV.CVV
Legislatà,led̠ʒizlataː,RV.TVSRV.TV,CV.CVCCV.CV
Lei,lei,RVV,CVV
Leido,leido,RVV.TV,CVV.CV
Lejado,led̠ʒado,RV.TV.TV,CV.CV.CV
Lembrá,lembɾaː,RVR.TRV,CVC.CCV
Léper,leːpeɾ,RV.TVR,CV.CVC
leprosa,lepɾoza,RV.TRV.SV,CV.CCV.CV
Lés,leːs,RVS,CVC
lez,les,RVS,CVC
leis,leis,RVVS,CVVC
Lés,leːs,RVS,CVC
Leste,leste,RVS.TV,CVC.CV
lestes,lestes,RVS.TVS,CVC.CVC
Lestemente,lestemente,RVS.TV.RVR.TV,CVC.CV.CVC.CV
Léte,leːte,RV.TV,CV.CV
Létar,leːtaɾ,RV.TVR,CV.CVC
létera,leːteɾa,RV.TV.RV,CV.CV.CV
letra,letɾa,RV.TRV,CV.CCV
Levadura,leʋaduɾa,RV.TV.TV.RV,CV.CV.CV.CV
Leve,leʋe,RV.TV,CV.CV
Levedação,leʋedasaːo,RV.TV.TV.SVV,CV.CV.CV.CVV
levedado,leʋedado,RV.TV.TV.TV,CV.CV.CV.CV
Leventà,leʋentaː,RV.TVR.TV,CV.CVC.CV
Lichim,lit̠ʃim,RV.TVR,CV.CVC
Limita,limita,RV.RV.TV,CV.CV.CV
limito,limito,RV.RV.TV,CV.CV.CV
Lingareiro,lingaɾeiɾo,RVR.TV.RVV.RV,CVC.CV.CVV.CV
lingerero,lind̠ʒeɾeɾo,RVR.TV.RVRV,CVC.CV.CVCV
Lingo,lingo,RVR.TV,CVC.CV
Linguerção,lind̠ʒeɾsaːo,RVR.TVVR.SVV,CVC.CVVC.CVV
lingersan,lind̠ʒeɾsan,RVR.TVR.SVR,CVC.CVC.CVC
linguarçan,linguaɾsan,RVR.TVVR.SVR,CVC.CVVC.CVC
Linhos,liɲos,RV.RVS,CV.CVC
Liverdade,liʋeɾdade,RV.TVR.TV.TV,CV.CVC.CV.CV
livradade,liʋɾadade,RV.TRV.TV.TV,CV.CCV.CV.CV
Livrança,liʋɾansa,RV.TRVR.SV,CV.CCVC.CV
livrancè,liʋɾanseː,RV.TRVR.SV,CV.CCVC.CV
livração,liʋɾasaːo,RV.TRV.SVV,CV.CCV.CVV
Ló,loː,RV,CV
Lodia,lodia,RV.TVV,CV.CVV
Lodo,lodo,RV.TV,CV.CV
Logarmésmo,logaɾmeːzmo,RV.TVRRVSRV,CV.CVCCVCCV
Loiros,lojɾos,RVRRVS,CVCCVC
Loità,lojtaː,RVR.TV,CVC.CV
Loitamento,lojtamento,RVR.TV.RVR.TV,CVC.CV.CVC.CV
loitança,lojtansa,RVR.TVR.SV,CVC.CVC.CV
Loser,lozeɾ,RV.SVR,CV.CVC
Louvro,louʋɾo,RVV.TRV,CVV.CCV
Lovà,loʋaː,RV.TV,CV.CV
Lugàra,lugaːɾa,RV.TV.RV,CV.CV.CV
Iugàrè,iugaːɾeː,VV.TV.RV,VV.CV.CV
Iugària,iugaːɾia,VV.TV.RVV,VV.CV.CVV
Lugar-gosto,lugaɾgosto,RV.TVR.TVS.TV,CV.CVC.CVC.CV
Luguéra,lud̠ʒeːɾa,RV.TVV.RV,CV.CVV.CV
Luma,luma,RV.RV,CV.CV
Lumár,lumaːɾ,RV.RVR,CV.CVC
lumára,lumaːɾa,RV.RVRV,CV.CVCV
lumaré,lumaɾeː,RV.RVRV,CV.CVCV
Lumado,lumado,RV.RV.TV,CV.CV.CV
Lumià,lumiaː,RV.RVV,CV.CVV
Luminário,luminaːɾio,RV.RVRV.RVV,CV.CVCV.CVV
luminairo,luminaiɾo,RV.RVRVV.RV,CV.CVCVV.CV
lum'nario,lumnaɾio,RVRRV.RVV,CVCCV.CVV
Luzé,luzeː,RV.TV,CV.CV
Luzindo,luzindo,RV.TVR.TV,CV.CVC.CV
Maas,mas,RVS,CVC
Mação,masaːo,RV.SVV,CV.CVV
Macéo,maseːo,RV.SVV,CV.CVV
Machicá,mat̠ʃikaː,RV.TV.TV,CV.CV.CV
Mexin,meʃin,RV.TVR,CV.CVC
Macho-criancè,mat̠ʃokɾianseː,RV.TV.TRVVR.SV,CV.CV.CCVVC.CV
Màdam,maːdam,RV.TVR,CV.CVC
Madergà,madeɾgaː,RV.TVR.TV,CV.CVC.CV
Mademá,mademaː,RV.TV.RV,CV.CV.CV
Mafatría,mafatɾiːa,RV.TV.TRVV,CV.CV.CCVV
Magovà,magoʋaː,RV.TV.TV,CV.CV.CV
maguvà,maguʋaː,RV.TV.TV,CV.CV.CV
Mai,mai,RVV,CVV
Mainato,mainato,RVV.RV.TV,CVV.CV.CV
Maisdiante,maizdiante,RVVS.TVVR.TV,CVVC.CVVC.CV
Maisque,maiske,RVVS.TV,CVVC.CV
masque,maske,RVS.TV,CVC.CV
Majestado,mad̠ʒestado,RV.TVS.TV.TV,CV.CVC.CV.CV
Major,mad̠ʒoɾ,RV.TVR,CV.CVC
Mal,mal,RVR,CVC
Maldiçansa,maldisansa,RVR.TV.SVR.SV,CVC.CV.CVC.CV
Maldiçoà,maldisoaː,RVR.TV.SVV,CVC.CV.CVV
maldiçà,maldisaː,RVR.TV.SV,CVC.CV.CV
Malfetor,malfetoɾ,RVR.TV.TVR,CVC.CV.CVC
Malino,malino,RV.RVRV,CV.CVCV
Mal-prestado,malpɾestado,RVR.TRVS.TV.TV,CVC.CCVC.CV.CV
Malusancia,maluzansia,RV.RV.SVR.SVV,CV.CV.CVC.CVV
Mamma,mama,RVRRV,CVCCV
ma,ma,RV,CV
Man,man,RVR,CVC
Man',man,RVR,CVC
Mandemento,mandemento,RVR.TV.RVR.TV,CVC.CV.CVC.CV
Manduco,manduko,RVR.TV.TV,CVC.CV.CV
Mangue,mand̠ʒe,RVR.TVV,CVC.CVV
Manhão,maɲaːo,RV.RVV,CV.CVV
Ment'l,mentl,RVR.TR,CVC.CC
Manhecé,maɲeseː,RV.RV.SV,CV.CV.CV
manecê,maneseː,RV.RV.SV,CV.CV.CV
Manéja,maneːd̠ʒa,RV.RV.TV,CV.CV.CV
manejador,maned̠ʒadoɾ,RV.RV.TV.TVR,CV.CV.CV.CVC
Mão-em-mão,maːoemmaːo,RVVVRRVV,CVVVCCVV
Mép,meːp,RV.T,CV.C
Mará,maɾaː,RV.RV,CV.CV
marrá,maraː,RV.RV,CV.CV
Marado,maɾado,RV.RV.TV,CV.CV.CV
Maradura,maɾaduɾa,RV.RV.TV.RV,CV.CV.CV.CV
Mára,maːɾa,RV.RV,CV.CV
marè,maɾeː,RV.RV,CV.CV
Martch,maɾt̠ʃ,RVR.TT,CVC.CC
Marello,maɾelo,RV.RVRRV,CV.CVCCV
Marga,maɾga,RVR.TV,CVC.CV
Margôra,maɾgoːɾa,RVR.TV.RV,CVC.CV.CV
Margoso,maɾgozo,RVR.TV.SV,CVC.CV.CV
Márgu,maːɾgu,RVR.TV,CVC.CV
Mármor,maːɾmoɾ,RVRRVR,CVCCVC
màrmar,maːɾmaɾ,RVRRVR,CVCCVC
Martellè,maɾteleː,RVR.TVRRV,CVC.CVCCV
martél,maɾteːl,RVR.TVR,CVC.CVC
Mártyro,maːɾtjɾo,RVR.TRRV,CVC.CCCV
Marvia,maɾʋia,RVR.TVV,CVC.CVV
Marvioso,maɾʋiozo,RVR.TVV.SV,CVC.CVV.CV
Marvilha,maɾʋiʎa,RVR.TV.RV,CVC.CV.CV
Marvilhà,maɾʋiʎaː,RVR.TV.RV,CVC.CV.CV
Más,maːs,RVS,CVC
Masante,mazante,RV.SVR.TV,CV.CVC.CV
Mascomtudo,maskomtudo,RVS.TVR.TV.TV,CVC.CVC.CV.CV
Masdiante,mazdiante,RVS.TVVR.TV,CVC.CVVC.CV
Maçabado,masabado,RV.SV.TV.TV,CV.CV.CV.CV
Maslins,mazlins,RVSRVRS,CVCCVCC
Massà,masaː,RVSSV,CVCCV
Massavo,masaʋo,RVSSV.TV,CVCCV.CV
Mástri,maːstɾi,RVS.TRV,CVC.CCV
Masvinho,masʋiɲo,RVS.TV.RV,CVC.CV.CV
Matação,matasaːo,RV.TV.SVV,CV.CV.CVV
matança,matansa,RV.TVR.SV,CV.CVC.CV
Matches,mat̠ʃes,RV.TTVS,CV.CCVC
Mate,mate,RV.TV,CV.CV
Matinha,matiɲa,RV.TV.RV,CV.CV.CV
Métres,meːtɾes,RV.TRVS,CV.CCVC
Mêi,meːj,RVR,CVC
Medè,medeː,RV.TV,CV.CV
Media,media,RV.TVV,CV.CVV
Miting,miting,RV.TVR.T,CV.CVC.C
Megoà,megoaː,RV.TVV,CV.CVV
melgoá,melgoaː,RVR.TVV,CVC.CVV
MeGoa creoledor,megoa kɾeoledoɾ,RV.TVV TRVV.RV.TVR,CV.CVV CCVV.CV.CVC
Meido,meido,RVV.TV,CVV.CV
Melhoramente,meʎoɾamente,RV.RVRV.RVR.TV,CV.CVCV.CVC.CV
Mellifluoso,melifluozo,RVRRV.TRVV.SV,CVCCV.CCVV.CV
Memo,memo,RV.RV,CV.CV
Memoso,memozo,RV.RV.SV,CV.CV.CV
Mentè,menteː,RVR.TV,CVC.CV
Méo,meːo,RVV,CVV
Mercacia,meɾkasia,RVR.TV.SVV,CVC.CV.CVV
Mercadeira,meɾkadeiɾa,RVR.TV.TVV.RV,CVC.CV.CVV.CV
Mercê,meɾseː,RVR.SV,CVC.CV
Mercemento,meɾsemento,RVR.SV.RVR.TV,CVC.CV.CVC.CV
mercimento,meɾsimento,RVR.SV.RVR.TV,CVC.CV.CVC.CV
mericemento,meɾisemento,RV.RV.SV.RVR.TV,CV.CV.CV.CVC.CV
Merecê,meɾeseː,RV.RV.SV,CV.CV.CV
Meritória,meɾitoːɾia,RV.RV.TV.RVV,CV.CV.CV.CVV
Merón,meɾoːn,RV.RVR,CV.CVC
Mès,meːs,RVS,CVC
méis,meːjs,RVRS,CVCC
Més,meːs,RVS,CVC
Méssa,meːsa,RVSSV,CVCCV
Messá,mesaː,RVSSV,CVCCV
Messangeiro,mesand̠ʒeiɾo,RVSSVR.TVV.RV,CVCCVC.CVV.CV
massengeiro,masend̠ʒeiɾo,RVSSVR.TVV.RV,CVCCVC.CVV.CV
Mestre,mestɾe,RVS.TRV,CVC.CCV
méstri,meːstɾi,RVS.TRV,CVC.CCV
Metade,metade,RV.TV.TV,CV.CV.CV
metai,metai,RV.TVV,CV.CVV
Methodisto,metodisto,RV.TV.TVS.TV,CV.CV.CVC.CV
Milagrioso,milagɾiozo,RV.RV.TRVV.SV,CV.CV.CCVV.CV
Mail,mail,RVVR,CVVC
Militàrio,militaːɾio,RV.RV.TV.RVV,CV.CV.CV.CVV
Millions,milions,RVRRVVRS,CVCCVVCC
Mils,mils,RVRS,CVCC
Mimôri,mimoːɾi,RV.RVRV,CV.CVCV
Minguação,minguasaːo,RVR.TVV.SVV,CVC.CVV.CVV
Minha,miɲa,RV.RV,CV.CV
minhè,miɲeː,RV.RV,CV.CV
Ministeiro,ministeiɾo,RV.RVS.TVV.RV,CV.CVC.CVV.CV
Ministração,ministɾasaːo,RV.RVS.TRV.SVV,CV.CVC.CCV.CVV
Minté,minteː,RVR.TV,CVC.CV
Minteira,minteiɾa,RVR.TVV.RV,CVC.CVV.CV
Minteroso,minteɾozo,RVR.TV.RV.SV,CVC.CV.CV.CV
mintroso,mintɾozo,RVR.TRV.SV,CVC.CCV.CV
Minuito,minuito,RV.RVV.TV,CV.CVV.CV
Mira,miɾa,RV.RV,CV.CV
Misaravel,mizaɾaʋel,RV.SV.RV.TVR,CV.CV.CV.CVC
misravel,mizɾaʋel,RVSRV.TVR,CVCCV.CVC
Misinha,miziɲa,RV.SV.RV,CV.CV.CV
Misricordia,mizɾikoɾdia,RVSRV.TVR.TVV,CVCCV.CVC.CVV
misrecordia,mizɾekoɾdia,RVSRV.TVR.TVV,CVCCV.CVC.CVV
Misricordioso,mizɾikoɾdiozo,RVSRV.TVR.TVV.SV,CVCCV.CVC.CVV.CV
Misté,misteː,RVS.TV,CVC.CV
mista,mista,RVS.TV,CVC.CV
Mistia,mistia,RVS.TVV,CVC.CVV
Mistem,mistem,RVS.TVR,CVC.CVC
Mistrá,mistɾaː,RVS.TRV,CVC.CCV
Moça,mosa,RV.SV,CV.CV
Moção,mosaːo,RV.SVV,CV.CVV
Mofiná,mofinaː,RV.TV.RV,CV.CV.CV
Moito,mojto,RVR.TV,CVC.CV
Moleira,moleiɾa,RV.RVV.RV,CV.CVV.CV
Molgá,molgaː,RVR.TV,CVC.CV
Molyà,moljaː,RVRRV,CVCCV
Molya,molja,RVRRV,CVCCV
mujà,mud̠ʒaː,RV.TV,CV.CV
Mónster,moːnsteɾ,RVRS.TVR,CVCC.CVC
Montanho,montaɲo,RVR.TV.RV,CVC.CV.CV
Mooi,mooj,RVVR,CVVC
Moradè,moɾadeː,RV.RV.TV,CV.CV.CV
morado,moɾado,RV.RV.TV,CV.CV.CV
morando,moɾando,RV.RVR.TV,CV.CVC.CV
morança,moɾansa,RV.RVR.SV,CV.CVC.CV
moradura,moɾaduɾa,RV.RV.TV.RV,CV.CV.CV.CV
Morra,mora,RV.RV,CV.CV
Morrendo,morendo,RV.RVR.TV,CV.CVC.CV
Morro,moro,RV.RV,CV.CV
Mortajo,moɾtad̠ʒo,RVR.TV.TV,CVC.CV.CV
Mortià,moɾtiaː,RVR.TVV,CVC.CVV
Mostárdè,mostaːɾdeː,RVS.TVR.TV,CVC.CVC.CV
Mourdé,mouɾdeː,RVVR.TV,CVVC.CV
Mourdindo,mouɾdindo,RVVR.TVR.TV,CVVC.CVC.CV
Movà,moʋaː,RV.TV,CV.CV
Muê,mueː,RVV,CVV
muá,muaː,RVV,CVV
Mudana,mudana,RV.TV.RV,CV.CV.CV
Mudáncè,mudaːnseː,RV.TVR.SV,CV.CVC.CV
mudação,mudasaːo,RV.TV.SVV,CV.CV.CVV
Mudano,mudano,RV.TV.RV,CV.CV.CV
Mulhàra,muʎaːɾa,RV.RVRV,CV.CVCV
Mulvado,mulʋado,RVR.TV.TV,CVC.CV.CV
Mundado,mundado,RVR.TV.TV,CVC.CV.CV
Mundoso,mundozo,RVR.TV.SV,CVC.CV.CV
Murguiá,muɾd̠ʒiaː,RVR.TVVV,CVC.CVVV
Murguiaçâo,muɾd̠ʒiasaːo,RVR.TVVV.SVV,CVC.CVVV.CVV
Murindo,muɾindo,RV.RVR.TV,CV.CVC.CV
Murmerà,muɾmeɾaː,RVRRV.RV,CVCCV.CV
Murmeração,muɾmeɾasaːo,RVRRV.RV.SVV,CVCCV.CV.CVV
Murré,mureː,RV.RV,CV.CV
Musicante,muzikante,RV.SV.TVR.TV,CV.CV.CVC.CV
Musico,muziko,RV.SV.TV,CV.CV.CV
Mustrà,mustɾaː,RVS.TRV,CVC.CCV
Mutúra,mutuːɾa,RV.TV.RV,CV.CV.CV
Mystéria,mjsteːɾia,RRS.TV.RVV,CCC.CV.CVV
Nacemento,nasemento,RV.SV.RVR.TV,CV.CV.CVC.CV
Nada,nada,RV.TV,CV.CV
Nada,nada,RV.TV,CV.CV
nadè,nadeː,RV.TV,CV.CV
nandè,nandeː,RVR.TV,CVC.CV
Nadia,nadia,RV.TVV,CV.CVV
Namais,namais,RV.RVVS,CV.CVVC
namás,namaːs,RV.RVS,CV.CVC
Nan,,RVR,CVC
Natal-dia,nataldia,RV.TVR.TVV,CV.CVC.CVV
Nau-quebrado,naukebɾado,RVV.TV.TRV.TV,CVV.CV.CCV.CV
Navigà,naʋigaː,RV.TV.TV,CV.CV.CV
Necestade,nesestade,RV.SVS.TV.TV,CV.CVC.CV.CV
Negligá,negligaː,RV.TRV.TV,CV.CCV.CV
Negócia,negoːsia,RV.TV.SVV,CV.CV.CVV
Nehum,neum,RVVR,CVVC
nihum,nium,RVVR,CVVC
nium,nium,RVVR,CVVC
Nemistê,nemisteː,RV.RVS.TV,CV.CVC.CV
nemistà,nemistaː,RV.RVS.TV,CV.CVC.CV
nimisté,nimisteː,RV.RVS.TV,CV.CVC.CV
numistè,numisteː,RV.RVS.TV,CV.CVC.CV
Nérva,neːɾʋa,RVR.TV,CVC.CV
Nigrinha,nigɾiɲa,RV.TRV.RV,CV.CCV.CV
Nimito,nimito,RV.RV.TV,CV.CV.CV
nimíta,nimiːta,RV.RV.TV,CV.CV.CV
Nimità,nimitaː,RV.RV.TV,CV.CV.CV
Nimitação,nimitasaːo,RV.RV.TV.SVV,CV.CV.CV.CVV
Ninquer,ninkeɾ,RVR.TVR,CVC.CVC
Ninqueria,ninkeɾia,RVR.TV.RVV,CVC.CV.CVV
Nistá,nistaː,RVS.TV,CVC.CV
Nistade,nistade,RVS.TV.TV,CVC.CV.CV
Nó,noː,RV,CV
nuó,nuoː,RVV,CVV
Nóber,noːbeɾ,RV.TVR,CV.CVC
Nobilidade,nobilidade,RV.TV.RV.TV.TV,CV.CV.CV.CV.CV
Nobréza,nobɾeːza,RV.TRV.TV,CV.CCV.CV
Nocente,nosente,RV.SVR.TV,CV.CVC.CV
nocenti,nosenti,RV.SVR.TV,CV.CVC.CV
Nogo,nogo,RV.TV,CV.CV
Noivu,nojʋu,RVR.TV,CVC.CV
Nómber,noːmbeɾ,RVR.TVR,CVC.CVC
Nompodé,nompodeː,RVR.TV.TV,CVC.CV.CV
nompôdi,nompoːdi,RVR.TV.TV,CVC.CV.CV
Nompodia,nompodia,RVR.TV.TVV,CVC.CV.CVV
Nona,nona,RV.RV,CV.CV
Nôtis,noːtis,RV.TVS,CV.CVC
Nonca,nonka,RVR.TV,CVC.CV
nonco,nonko,RVR.TV,CVC.CV
nuca,nuka,RV.TV,CV.CV
núcu,nuːku,RV.TV,CV.CV
Nono,nono,RV.RV,CV.CV
Nossè,noseː,RVSSV,CVCCV
Nossotros,nosotɾos,RVSSV.TRVS,CVCCV.CCVC
Notáris,notaːɾis,RV.TV.RVS,CV.CV.CVC
Novas-papella,noʋaspapela,RV.TVS.TV.TVRRV,CV.CVC.CV.CVCCV
Novémber,noʋeːmbeɾ,RV.TVR.TVR,CV.CVC.CVC
Nóves,noːʋes,RV.TVS,CV.CVC
Nóvis,noːʋis,RV.TVS,CV.CVC
Nué,nueː,RVV,CVV
nuvé,nuʋeː,RV.TV,CV.CV
nuá,nuaː,RVV,CVV
Num,num,RVR,CVC
nun,nun,RVR,CVC
Numpodé,numpodeː,RVR.TV.TV,CVC.CV.CV
numpôdi,numpoːdi,RVR.TV.TV,CVC.CV.CV
Numpodia,numpodia,RVR.TV.TVV,CVC.CV.CVV
Nuntem,nuntem,RVR.TVR,CVC.CVC
Nuntinha,nuntiɲa,RVR.TV.RV,CVC.CV.CV
Numbro,numbɾo,RVR.TRV,CVC.CCV
Nunca,nunka,RVR.TV,CVC.CV
nunco,nunko,RVR.TV,CVC.CV
Nuvè,nuʋeː,RV.TV,CV.CV
Ô,oː,V,V
Obedicé,obediseː,V.TV.TV.SV,V.CV.CV.CV
obdecé,obdeseː,V.TTV.SV,V.CCV.CV
Obdicindo,obdisindo,V.TTV.SVR.TV,V.CCV.CVC.CV
Obedecencia,obedesensia,V.TV.TV.SVR.SVV,V.CV.CV.CVC.CVV
obedecimento,obedesimento,V.TV.TV.SV.RVR.TV,V.CV.CV.CV.CVC.CV
Obre,obɾe,V.TRV,V.CCV
óber,oːbeɾ,V.TVR,V.CVC
Obração,obɾasaːo,V.TRV.SVV,V.CCV.CVV
Obraro,obɾaɾo,V.TRV.RV,V.CCV.CV
Obrigacè,obɾigaseː,V.TRV.TV.SV,V.CCV.CV.CV
Occidente,osidente,V.SV.TVR.TV,V.CV.CVC.CV
Octóber,oktoːbeɾ,V.TTV.TVR,V.CCV.CVC
Ódia,oːdia,V.TVV,V.CVV
Offéncia,ofeːnsia,V.TVR.SVV,V.CVC.CVV
Offercé,ofeɾseː,V.TVR.SV,V.CVC.CV
Offercimento,ofeɾsimento,V.TVR.SV.RVR.TV,V.CVC.CV.CVC.CV
offeração,ofeɾasaːo,V.TV.RV.SVV,V.CV.CV.CVV
offerça,ofeɾsa,V.TVR.SV,V.CVC.CV
offerço,ofeɾso,V.TVR.SV,V.CVC.CV
Ófis,oːfis,V.TVS,V.CVC
Ófiser,oːfizeɾ,V.TV.SVR,V.CV.CVC
Officina,ofisina,V.TV.SV.RV,V.CV.CV.CV
officio,ofisio,V.TV.SVV,V.CV.CVV
officia,ofisia,V.TV.SVV,V.CV.CVV
offiço,ofiso,V.TV.SV,V.CV.CV
Ogo,ogo,V.TV,V.CV
Oitórè,ojtoːɾeː,VR.TV.RV,VC.CV.CV
Olhà,oʎaː,V.RV,V.CV
Olyà,oljaː,VRRV,VCCV
oyà,ojaː,V.RV,V.CV
Olyo,oljo,VRRV,VCCV
Ómber,oːmbeɾ,VR.TVR,VC.CVC
Omóris,omoːɾis,V.RVRVS,V.CVCVC
Omp,omp,VR.T,VC.C
ompi,ompi,VR.TV,VC.CV
Ontà,ontaː,VR.TV,VC.CV
Onte,onte,VR.TV,VC.CV
ónti,oːnti,VR.TV,VC.CV
ónta,oːnta,VR.TV,VC.CV
Onzimo,onzimo,VR.TV.RV,VC.CV.CV
Oppressà,oppɾesaː,V.TTRVSSV,V.CCCVCCV
Oratória,oɾatoːɾia,V.RV.TV.RVV,V.CV.CV.CVV
Orde,oɾde,VR.TV,VC.CV
órdi,oːɾdi,VR.TV,VC.CV
Ordinà,oɾdinaː,VR.TV.RV,VC.CV.CV
Ordinancias,oɾdinansias,VR.TV.RVR.SVVS,VC.CV.CVC.CVVC
Oriente,oɾiente,V.RVVR.TV,V.CVVC.CV
Orlozo,oɾlozo,VRRV.TV,VCCV.CV
Orphano,oɾfano,VR.TV.RV,VC.CV.CV
Ortelão,oɾtelaːo,VR.TV.RVV,VC.CV.CVV
Orvai,oɾʋai,VR.TVV,VC.CVV
oravai,oɾaʋai,V.RV.TVV,V.CV.CVV
Otro,otɾo,V.TRV,V.CCV
outrè,outɾeː,VV.TRV,VV.CCV
Oudisido,oudizido,VV.TV.SV.TV,VV.CV.CV.CV
Ouleiro,ouleiɾo,VV.RVV.RV,VV.CVV.CV
Oura,ouɾa,VV.RV,VV.CV
óru,oːɾu,V.RV,V.CV
Ouro-anjo,ouɾoand̠ʒo,VV.RVVR.TV,VV.CVVC.CV
Ouro-coroa,ouɾokoɾoa,VV.RV.TV.RVV,VV.CV.CV.CVV
Ouvida,ouʋida,VV.TV.TV,VV.CV.CV
ovido,oʋido,V.TV.TV,V.CV.CV
ovida,oʋida,V.TV.TV,V.CV.CV
Ovi,oʋi,V.TV,V.CV
Ovelho,oʋeʎo,V.TV.RV,V.CV.CV
Óksigen,oːksid̠ʒen,V.T.SV.TVR,V.C.CV.CVC
Pacencia,pasensia,TV.SVR.SVV,CV.CVC.CVV
pacénci,paseːnsi,TV.SVR.SV,CV.CVC.CV
paciénci,pasieːnsi,TV.SVVR.SV,CV.CVVC.CV
Padaço,padaso,TV.TV.SV,CV.CV.CV
padas,padas,TV.TVS,CV.CVC
padaz,padas,TV.TVS,CV.CVC
Padecemento,padesemento,TV.TV.SV.RVR.TV,CV.CV.CV.CVC.CV
Padicé,padiseː,TV.TV.SV,CV.CV.CV
Pagà,pagaː,TV.TV,CV.CV
Pague,pad̠ʒe,TV.TVV,CV.CVV
Palaço,palaso,TV.RV.SV,CV.CV.CV
Palàver,palaːʋeɾ,TV.RV.TVR,CV.CV.CVC
pàlver,paːlʋeɾ,TVR.TVR,CVC.CVC
pàlvra,paːlʋɾa,TVR.TRV,CVC.CCV
Palavrado,palaʋɾado,TV.RV.TRV.TV,CV.CV.CCV.CV
Palmião,palmiaːo,TVRRVVV,CVCCVVV
Palmo,palmo,TVRRV,CVCCV
Pamperlão,pampeɾlaːo,TVR.TVRRVV,CVC.CVCCVV
Pan,pan,TVR,CVC
Pancádè,pankaːdeː,TVR.TV.TV,CVC.CV.CV
pancado,pankado,TVR.TV.TV,CVC.CV.CV
Panhà,paɲaː,TV.RV,CV.CV
Panocrua,panokɾua,TV.RV.TRVV,CV.CV.CCVV
Pap,pap,TV.T,CV.C
Papagaia,papagaia,TV.TV.TVVV,CV.CV.CVVV
Papella,papela,TV.TVRRV,CV.CVCCV
papélè,papeːleː,TV.TV.RV,CV.CV.CV
Papiá,papiaː,TV.TVV,CV.CVV
Papiador,papiadoɾ,TV.TVV.TVR,CV.CVV.CVC
Papus,papus,TV.TVS,CV.CVC
Par,paɾ,TVR,CVC
Pará,paɾaː,TV.RV,CV.CV
Paràbel,paɾaːbel,TV.RV.TVR,CV.CV.CVC
Parêd,paɾeːd,TV.RV.T,CV.CV.C
Paradiso,paɾadizo,TV.RV.TV.SV,CV.CV.CV.CV
Parçaria,paɾsaɾia,TVR.SV.RVV,CVC.CV.CVV
Parè,paɾeː,TV.RV,CV.CV
Paridura,paɾiduɾa,TV.RV.TV.RV,CV.CV.CV.CV
Parecè,paɾeseː,TV.RV.SV,CV.CV.CV
parcé,paɾseː,TVR.SV,CVC.CV
Parecer,paɾeseɾ,TV.RV.SVR,CV.CV.CVC
parcer,paɾseɾ,TVR.SVR,CVC.CVC
Pareço,paɾeso,TV.RV.SV,CV.CV.CV
Parecemento,paɾesemento,TV.RV.SV.RVR.TV,CV.CV.CV.CVC.CV
parcemento,paɾsemento,TVR.SV.RVR.TV,CVC.CV.CVC.CV
paricimento,paɾisimento,TV.RV.SV.RVR.TV,CV.CV.CV.CVC.CV
Parentelha,paɾenteʎa,TV.RVR.TV.RV,CV.CVC.CV.CV
Parentes,paɾentes,TV.RVR.TVS,CV.CVC.CVC
Parentesca,paɾenteska,TV.RVR.TVS.TV,CV.CVC.CVC.CV
Parol,paɾol,TV.RVR,CV.CVC
Paroliero,paɾolieɾo,TV.RVRVV.RV,CV.CVCVV.CV
Parpora,paɾpoɾa,TVR.TV.RV,CVC.CV.CV
Parque,paɾke,TVR.TV,CVC.CV
parqui,paɾki,TVR.TV,CVC.CV
Parrà,paraː,TV.RV,CV.CV
Pàrtei,paːɾtei,TVR.TVV,CVC.CVV
Parte-possuidor,paɾteposuidoɾ,TVR.TV.TVSSVV.TVR,CVC.CV.CVCCVV.CVC
Paçá,pasaː,TV.SV,CV.CV
Passagè,pasad̠ʒeː,TVSSV.TV,CVCCV.CV
passajo,pasad̠ʒo,TVSSV.TV,CVCCV.CV
pasajo,pazad̠ʒo,TV.SV.TV,CV.CV.CV
passai,pasai,TVSSVV,CVCCVV
passei,pasei,TVSSVV,CVCCVV
Passá,pasaː,TVSSV,CVCCV
Pascencia,passensia,TVSSVR.SVV,CVCCVC.CVV
Pasco,pasko,TVS.TV,CVC.CV
Pascoa-tempo,paskoatempo,TVS.TVV.TVR.TV,CVC.CVV.CVC.CV
Passangeiro,pasand̠ʒeiɾo,TVSSVR.TVV.RV,CVCCVC.CVV.CV
Passante,pasante,TVSSVR.TV,CVCCVC.CV
Passavel,pasaʋel,TVSSV.TVR,CVCCV.CVC
Pastro,pastɾo,TVS.TRV,CVC.CCV
pastor,pastoɾ,TVS.TVR,CVC.CVC
Pasteá,pasteaː,TVS.TVV,CVC.CVV
Pastempo,pastempo,TVS.TVR.TV,CVC.CVC.CV
Pastrinho,pastɾiɲo,TVS.TRV.RV,CVC.CCV.CV
pasterinho,pasteɾiɲo,TVS.TV.RVRV,CVC.CV.CVCV
pastronélè,pastɾoneːleː,TVS.TRV.RVRV,CVC.CCV.CVCV
Pastro,pastɾo,TVS.TRV,CVC.CCV
pastúr,pastuːɾ,TVS.TVR,CVC.CVC
Pateca,pateka,TV.TV.TV,CV.CV.CV
Patriarco,patɾiaɾko,TV.TRVVR.TV,CV.CCVVC.CV
Patta,patːa,TV.TTV,CV.CCV
Paun,paun,TVVR,CVVC
Pavi,paʋi,TV.TV,CV.CV
Péci,peːsi,TV.SV,CV.CV
pési,peːzi,TV.SV,CV.CV
Peçonhoto,pesoɲoto,TV.SV.RV.TV,CV.CV.CV.CV
Pécora,peːkoɾa,TV.TV.RV,CV.CV.CV
Péder,peːdeɾ,TV.TVR,CV.CVC
Pederia,pedeɾia,TV.TV.RVV,CV.CV.CVV
pedria,pedɾia,TV.TRVV,CV.CCVV
Peditória,peditoːɾia,TV.TV.TV.RVV,CV.CV.CV.CVV
peditóri,peditoːɾi,TV.TV.TV.RV,CV.CV.CV.CV
pidetória,pidetoːɾia,TV.TV.TV.RVV,CV.CV.CV.CVV
Pedrejà,pedɾed̠ʒaː,TV.TRV.TV,CV.CCV.CV
pedreyà,pedɾejaː,TV.TRV.RV,CV.CCV.CV
pedriá,pedɾiaː,TV.TRVV,CV.CCVV
Pegado,pegado,TV.TV.TV,CV.CV.CV
Pégados,peːgados,TV.TV.TVS,CV.CV.CVC
Pei,pei,TVV,CVV
Pelegrino,pelegɾino,TV.RV.TRV.RV,CV.CV.CCV.CV
Péli,peːli,TV.RV,CV.CV
Pelo,pelo,TV.RV,CV.CV
Pelour,pelouɾ,TV.RVVR,CV.CVVC
Penerá,peneɾaː,TV.RVRV,CV.CVCV
Pénès,peːneːs,TV.RVS,CV.CVC
pànès,paːneːs,TV.RVS,CV.CVC
Penetenti,penetenti,TV.RV.TVR.TV,CV.CV.CVC.CV
Péshon,peːʃon,TV.SVR,CV.CVC
Pequinino,pekinino,TV.TV.RVRV,CV.CV.CVCV
Pequino,pekino,TV.TV.RV,CV.CV.CV
Per,peɾ,TVR,CVC
pera,peɾa,TV.RV,CV.CV
perè,peɾeː,TV.RV,CV.CV
Percauso,peɾkauzo,TVR.TVV.SV,CVC.CVV.CV
Perdá,peɾdaː,TVR.TV,CVC.CV
Perdeção,peɾdesaːo,TVR.TV.SVV,CVC.CV.CVV
Perdovà,peɾdoʋaː,TVR.TV.TV,CVC.CV.CV
Perfeità,peɾfeitaː,TVR.TVV.TV,CVC.CVV.CV
Perfeitado,peɾfeitado,TVR.TVV.TV.TV,CVC.CVV.CV.CV
Periba,peɾiba,TV.RV.TV,CV.CV.CV
Perigreneção,peɾigɾenesaːo,TV.RV.TRV.RV.SVV,CV.CV.CCV.CV.CVV
Perla,peɾla,TVRRV,CVCCV
Permanecente,peɾmanesente,TVRRV.RV.SVR.TV,CVCCV.CV.CVC.CV
Permittá,peɾmitːaː,TVRRV.TTV,CVCCV.CCV
Perseguaição,peɾseguaisaːo,TVR.SV.TVVV.SVV,CVC.CV.CVVV.CVV
Persuaidir,peɾsuaidiɾ,TVR.SVVV.TVR,CVC.CVVV.CVC
Pertruvà,peɾtɾuʋaː,TVR.TRV.TV,CVC.CCV.CV
Pervertà,peɾʋeɾtaː,TVR.TVR.TV,CVC.CVC.CV
Pesadura,pezaduɾa,TV.SV.TV.RV,CV.CV.CV.CV
Pé-solto,peːsolto,TV.SVR.TV,CV.CVC.CV
Pessõa,pesoːa,TVSSVV,CVCCVV
peason,peazon,TVV.SVR,CVV.CVC
pessão,pesaːo,TVSSVV,CVCCVV
pessan,pesan,TVSSVR,CVCCVC
Péstia,peːstia,TVS.TVV,CVC.CVV
Pete,pete,TV.TV,CV.CV
péti,peːti,TV.TV,CV.CV
Petishon,petiʃon,TV.TV.SVR,CV.CV.CVC
Péto,peːto,TV.TV,CV.CV
Pézo,peːzo,TV.TV,CV.CV
Piadade,piadade,TVV.TV.TV,CVV.CV.CV
Piadoso,piadozo,TVV.TV.SV,CVV.CV.CV
pidoso,pidozo,TV.TV.SV,CV.CV.CV
Piatória,piatoːɾia,TVV.TV.RVV,CVV.CV.CVV
piatóri,piatoːɾi,TVV.TV.RV,CVV.CV.CV
Pidé,pideː,TV.TV,CV.CV
Pill,pil,TVRR,CVCC
Pilgrima,pilgɾima,TVR.TRV.RV,CVC.CCV.CV
Pinchà,pint̠ʃaː,TVR.TV,CVC.CV
Pindurá,pinduɾaː,TVR.TV.RV,CVC.CV.CV
Pindrado,pindɾado,TVR.TRV.TV,CVC.CCV.CV
Pinhor,piɲoɾ,TV.RVR,CV.CVC
Pintador,pintadoɾ,TVR.TV.TVR,CVC.CV.CVC
Paip,paip,TVV.T,CVV.C
Piquin,pikin,TV.TVR,CV.CVC
Pirigo,piɾigo,TV.RV.TV,CV.CV.CV
Pirigá,piɾigaː,TV.RV.TV,CV.CV.CV
Piregoso,piɾegozo,TV.RV.TV.SV,CV.CV.CV.CV
Piscôs,piskoːs,TVS.TVS,CVC.CVC
Pisinhoto,piziɲoto,TV.SV.RV.TV,CV.CV.CV.CV
Pistól,pistoːl,TVS.TVR,CVC.CVC
Plaga,plaga,TRV.TV,CCV.CV
plágu,plaːgu,TRV.TV,CCV.CV
Plein,plein,TRVVR,CCVVC
Plan,plan,TRVR,CCVC
Plánchè,plaːnt̠ʃeː,TRVR.TV,CCVC.CV
Planétè,planeːteː,TRV.RV.TV,CCV.CV.CV
Plat,plat,TRV.T,CCV.C
Plein,plein,TRVVR,CCVVC
Plenári,plenaːɾi,TRV.RVRV,CCV.CVCV
Plenidão,plenidaːo,TRV.RV.TVV,CCV.CV.CVV
Ploi,ploj,TRVR,CCVC
Póbir,poːbiɾ,TV.TVR,CV.CVC
Póco,poːko,TV.TV,CV.CV
Podéra,podeːɾa,TV.TV.RV,CV.CV.CV
Pódeser,poːdezeɾ,TV.TV.SVR,CV.CV.CVC
pódiser,poːdizeɾ,TV.TV.SVR,CV.CV.CVC
Podricé,podɾiseː,TV.TRV.SV,CV.CCV.CV
Podre-cido,podɾesido,TV.TRV.SV.TV,CV.CCV.CV.CV
Po'e,poe,TVV,CVV
poi,poj,TVR,CVC
Polvito,polʋito,TVR.TV.TV,CVC.CV.CV
Polvito-boceta,polʋitoboseta,TVR.TV.TV.TV.SV.TV,CVC.CV.CV.CV.CV.CV
Pompôria,pompoːɾia,TVR.TV.RVV,CVC.CV.CVV
pompôri,pompoːɾi,TVR.TV.RV,CVC.CV.CV
Pontá,pontaː,TVR.TV,CVC.CV
Ponto,ponto,TVR.TV,CVC.CV
pontè,ponteː,TVR.TV,CVC.CV
Porcadade,poɾkadade,TVR.TV.TV.TV,CVC.CV.CV.CV
Poristo,poɾisto,TV.RVS.TV,CV.CVC.CV
Porta-rua,poɾtaɾua,TVR.TV.RVV,CVC.CV.CVV
Portugueza,poɾtud̠ʒeza,TVR.TV.TVV.TV,CVC.CV.CVV.CV
Possebé,posebeː,TVSSV.TV,CVCCV.CV
possibé,posibeː,TVSSV.TV,CVCCV.CV
pos-suibé,possuibeː,TVSSVV.TV,CVCCVV.CV
Possessá,posesaː,TVSSVSSV,CVCCVCCV
Póssia,poːsia,TVSSVV,CVCCVV
Pótar,poːtaɾ,TV.TVR,CV.CVC
Pouches,pout̠ʃes,TVV.TVS,CVV.CVC
póuchis,poːut̠ʃis,TVV.TVS,CVV.CVC
Pouco-idade,poukoidade,TVV.TVV.TV.TV,CVV.CVV.CV.CV
Póvès,poːʋeːs,TV.TVS,CV.CVC
Povoção,poʋosaːo,TV.TV.SVV,CV.CV.CVV
povesan,poʋezan,TV.TV.SVR,CV.CV.CVC
Praino,pɾaino,TRVV.RV,CCVV.CV
Prandè,pɾandeː,TRVR.TV,CCVC.CV
Pranta,pɾanta,TRVR.TV,CCVC.CV
Prato,pɾato,TRV.TV,CCV.CV
Prazero,pɾazeɾo,TRV.TV.RV,CCV.CV.CV
prazeiro,pɾazeiɾo,TRV.TVV.RV,CCV.CVV.CV
Predicá,pɾedikaː,TRV.TV.TV,CCV.CV.CV
Predicação,pɾedikasaːo,TRV.TV.TV.SVV,CCV.CV.CV.CVV
Pregação-horas,pɾegasaːooɾas,TRV.TV.SVVV.RVS,CCV.CV.CVVV.CVC
Pregoá,pɾegoaː,TRV.TVV,CCV.CVV
Preguador,pɾeguadoɾ,TRV.TVV.TVR,CCV.CVV.CVC
Preguècè,pɾed̠ʒeːseː,TRV.TVV.SV,CCV.CVV.CV
Premeiro,pɾemeiɾo,TRV.RVV.RV,CCV.CVV.CV
Premesso,pɾemeso,TRV.RVSSV,CCV.CVCCV
primeiço,pɾimeiso,TRV.RVV.SV,CCV.CVV.CV
pri-meço,pɾimeso,TRV.RV.SV,CCV.CV.CV
Prendé,pɾendeː,TRVR.TV,CCVC.CV
prendá,pɾendaː,TRVR.TV,CCVC.CV
prandé,pɾandeː,TRVR.TV,CCVC.CV
Prendo,pɾendo,TRVR.TV,CCVC.CV
prendá,pɾendaː,TRVR.TV,CCVC.CV
Prénha,pɾeːɲa,TRV.RV,CCV.CV
prenhe,pɾeɲe,TRV.RV,CCV.CV
Prensa,pɾensa,TRVR.SV,CCVC.CV
prenso,pɾenso,TRVR.SV,CCVC.CV
Preperá,pɾepeɾaː,TRV.TV.RV,CCV.CV.CV
Presa,pɾeza,TRV.SV,CCV.CV
Presado,pɾezado,TRV.SV.TV,CCV.CV.CV
Preso,pɾezo,TRV.SV,CCV.CV
Preso-casa,pɾezokaza,TRV.SV.TV.SV,CCV.CV.CV.CV
Preséncia,pɾezeːnsia,TRV.SVR.SVV,CCV.CVC.CVV
presènci,pɾezeːnsi,TRV.SVR.SV,CCV.CVC.CV
Preso,pɾezo,TRV.SV,CCV.CV
prezo,pɾezo,TRV.TV,CCV.CV
Présta,pɾeːsta,TRVS.TV,CCVC.CV
prestamente,pɾestamente,TRVS.TV.RVR.TV,CCVC.CV.CVC.CV
preste,pɾeste,TRVS.TV,CCVC.CV
prestemente,pɾestemente,TRVS.TV.RVR.TV,CCVC.CV.CVC.CV
prestado,pɾestado,TRVS.TV.TV,CCVC.CV.CV
prestadomente,pɾestadomente,TRVS.TV.TV.RVR.TV,CCVC.CV.CV.CVC.CV
prestè,pɾesteː,TRVS.TV,CCVC.CV
Prestá,pɾestaː,TRVS.TV,CCVC.CV
Présta,pɾeːsta,TRVS.TV,CCVC.CV
prestado,pɾestado,TRVS.TV.TV,CCVC.CV.CV
prestade,pɾestade,TRVS.TV.TV,CCVC.CV.CV
prestança,pɾestansa,TRVS.TVR.SV,CCVC.CVC.CV
Preténcia,pɾeteːnsia,TRV.TVR.SVV,CCV.CVC.CVV
Prevalá,pɾeʋalaː,TRV.TV.RV,CCV.CV.CV
Prevalência,pɾeʋaleːnsia,TRV.TV.RVR.SVV,CCV.CV.CVC.CVV
Primacia,pɾimasia,TRV.RV.SVV,CCV.CV.CVV
Priméro,pɾimeːɾo,TRV.RVRV,CCV.CVCV
Primeté,pɾimeteː,TRV.RV.TV,CCV.CV.CV
primité,pɾimiteː,TRV.RV.TV,CCV.CV.CV
primitá,pɾimitaː,TRV.RV.TV,CCV.CV.CV
Premitido,pɾemitido,TRV.RV.TV.TV,CCV.CV.CV.CV
Primo,pɾimo,TRV.RV,CCV.CV
Primo-ferido,pɾimofeɾido,TRV.RV.TV.RV.TV,CCV.CV.CV.CV.CV
Princézè,pɾinseːzeː,TRVR.SV.TV,CCVC.CV.CV
Principal,pɾinsipal,TRVR.SV.TVR,CCVC.CV.CVC
Principalidado,pɾinsipalidado,TRVR.SV.TV.RV.TV.TV,CCVC.CV.CV.CV.CV.CV
Prinspo,pɾinspo,TRVRS.TV,CCVCC.CV
prenspo,pɾenspo,TRVRS.TV,CCVCC.CV
Prisoneiro,pɾizoneiɾo,TRV.SV.RVV.RV,CCV.CV.CVV.CV
Pristè,pɾisteː,TRVS.TV,CCVC.CV
Privilézia,pɾiʋileːzia,TRV.TV.RV.TVV,CCV.CV.CV.CVV
privilézè,pɾiʋileːzeː,TRV.TV.RV.TV,CCV.CV.CV.CV
Produzé,pɾoduzeː,TRV.TV.TV,CCV.CV.CV
producé,pɾoduseː,TRV.TV.SV,CCV.CV.CV
Professão,pɾofesaːo,TRV.TVSSVV,CCV.CVCCVV
Profundura,pɾofunduɾa,TRV.TVR.TV.RV,CCV.CVC.CV.CV
Propheciá,pɾofesiaː,TRV.TV.SVV,CCV.CV.CVV
Propheto,pɾofeto,TRV.TV.TV,CCV.CV.CV
Própi,pɾoːpi,TRV.TV,CCV.CV
Proposá,pɾopozaː,TRV.TV.SV,CCV.CV.CV
Propôsal,pɾopoːzal,TRV.TV.SVR,CCV.CV.CVC
Prósimo,pɾoːzimo,TRV.SV.RV,CCV.CV.CV
prózimo,pɾoːzimo,TRV.TV.RV,CCV.CV.CV
prosmo,pɾozmo,TRVSRV,CCVCCV
prósmi,pɾoːzmi,TRVSRV,CCVCCV
Prostratá,pɾostɾataː,TRVS.TRV.TV,CCVC.CCV.CV
Protectá,pɾotektaː,TRV.TV.TTV,CCV.CV.CCV
Provéita,pɾoʋeːjta,TRV.TVR.TV,CCV.CVC.CV
Proveitá,pɾoʋeitaː,TRV.TVV.TV,CCV.CVV.CV
pruveitá,pɾuʋeitaː,TRV.TVV.TV,CCV.CVV.CV
Proveitação,pɾoʋeitasaːo,TRV.TVV.TV.SVV,CCV.CVV.CV.CVV
Pruffia,pɾufia,TRV.TVV,CCV.CVV
profia,pɾofia,TRV.TVV,CCV.CVV
Pruffiá,pɾufiaː,TRV.TVV,CCV.CVV
Pruffiador,pɾufiadoɾ,TRV.TVV.TVR,CCV.CVV.CVC
Prugunta,pɾugunta,TRV.TVR.TV,CCV.CVC.CV
prunta,pɾunta,TRVR.TV,CCVC.CV
pruntè,pɾunteː,TRVR.TV,CCVC.CV
prunto,pɾunto,TRVR.TV,CCVC.CV
Pruguntá,pɾuguntaː,TRV.TVR.TV,CCV.CVC.CV
pruntá,pɾuntaː,TRVR.TV,CCVC.CV
Pruvá,pɾuʋaː,TRV.TV,CCV.CV
prouvá,pɾouʋaː,TRVV.TV,CCVV.CV
Psalmisto,psalmisto,T.SVRRVS.TV,C.CVCCVC.CV
Puçá,pusaː,TV.SV,CV.CV
pusá,puzaː,TV.SV,CV.CV
Púchi,puːt̠ʃi,TV.TV,CV.CV
Punhá,puɲaː,TV.RV,CV.CV
Puridade,puɾidade,TV.RV.TV.TV,CV.CV.CV.CV
Purificando,puɾifikando,TV.RV.TV.TVR.TV,CV.CV.CV.CVC.CV
Purismo,puɾizmo,TV.RVSRV,CV.CVCCV
Quadrilla,kuadɾila,TVV.TRVRRV,CVV.CCVCCV
Quártrimo,kuaːɾtɾimo,TVVR.TRV.RV,CVVC.CCV.CV
Quátor,kuaːtoɾ,TVV.TVR,CVV.CVC
Quebrentá,kebɾentaː,TV.TRVR.TV,CV.CCVC.CV
Quebrentação,kebɾentasaːo,TV.TRVR.TV.SVV,CV.CCVC.CV.CVV
Quédè,keːdeː,TV.TV,CV.CV
quadè,kuadeː,TVV.TV,CVV.CV
Quehora,keoɾa,TVV.RV,CVV.CV
Quehoraseja,keoɾazed̠ʒa,TVV.RV.SV.TV,CVV.CV.CV.CV
Quelai,kelai,TV.RVV,CV.CVV
quilai,kilai,TV.RVV,CV.CVV
quilei,kilei,TV.RVV,CV.CVV
quelai,kelai,TV.RVV,CV.CVV
Quem,kem,TVR,CVC
Quemsu,kemsu,TVR.SV,CVC.CV
Quemá,kemaː,TV.RV,CV.CV
quimà,kimaː,TV.RV,CV.CV
Quemadura,kemaduɾa,TV.RV.TV.RV,CV.CV.CV.CV
Quemodo,kemodo,TV.RV.TV,CV.CV.CV
Quenhão,keɲaːo,TV.RVV,CV.CVV
quinha,kiɲa,TV.RV,CV.CV
Quentá,kentaː,TVR.TV,CVC.CV
Quentura,kentuɾa,TVR.TV.RV,CVC.CV.CV
Querré,kereː,TV.RV,CV.CV
Querrendo,kerendo,TV.RVR.TV,CV.CVC.CV
Querendomente,keɾendomente,TV.RVR.TV.RVR.TV,CV.CVC.CV.CVC.CV
querandomente,keɾandomente,TV.RVR.TV.RVR.TV,CV.CVC.CV.CVC.CV
Quizer,kizeɾ,TV.TVR,CV.CVC
Querer,keɾeɾ,TV.RVR,CV.CVC
queria,keɾia,TV.RVV,CV.CVV
querria,keria,TV.RVV,CV.CVV
Querioso,keɾiozo,TV.RVV.SV,CV.CVV.CV
Quèssa,keːsa,TVSSV,CVCCV
quesa,keza,TV.SV,CV.CV
Quessá,kesaː,TVSSV,CVCCV
Quessador,kesadoɾ,TVSSV.TVR,CVCCV.CVC
Quetanto,ketanto,TV.TVR.TV,CV.CVC.CV
qutanto,qutanto,qV.TVR.TV,qV.CVC.CV
Quifoi,kifoj,TV.TVR,CV.CVC
Quindé,kindeː,TVR.TV,CVC.CV
quindi,kindi,TVR.TV,CVC.CV
Quinhador,kiɲadoɾ,TV.RV.TVR,CV.CV.CVC
Quorenta,kuoɾenta,TVV.RVR.TV,CVV.CVC.CV
Rabana,rabana,RV.TV.RV,CV.CV.CV
rabánè,rabaːneː,RV.TV.RV,CV.CV.CV
Rabentá,rabentaː,RV.TVR.TV,CV.CVC.CV
Rafiná,rafinaː,RV.TV.RV,CV.CV.CV
Rai,rai,RVV,CVV
Raiva,raiʋa,RVV.TV,CVV.CV
raivè,raiʋeː,RVV.TV,CVV.CV
raibè,raibeː,RVV.TV,CVV.CV
Ramesindo,ramezindo,RV.RV.SVR.TV,CV.CV.CVC.CV
Ramo,ramo,RV.RV,CV.CV
Ramucé,ramuseː,RV.RV.SV,CV.CV.CV
Rancá,rankaː,RVR.TV,CVC.CV
ranchá,rant̠ʃaː,RVR.TV,CVC.CV
Rancho,rant̠ʃo,RVR.TV,CVC.CV
Rapicá,rapikaː,RV.TV.TV,CV.CV.CV
Rastá,rastaː,RVS.TV,CVC.CV
Rastià,rastiaː,RVS.TVV,CVC.CVV
Rátel,raːtel,RV.TVR,CV.CVC
Ratinha,ratiɲa,RV.TV.RV,CV.CV.CV
Rebeldo,rebeldo,RV.TVR.TV,CV.CVC.CV
Rebellador,rebeladoɾ,RV.TVRRV.TVR,CV.CVCCV.CVC
Rebelloso,rebelozo,RV.TVRRV.SV,CV.CVCCV.CV
Recadá,rekadaː,RV.TV.TV,CV.CV.CV
Recia,resia,RV.SVV,CV.CVV
Reciá,resiaː,RV.SVV,CV.CVV
Recompensão,rekompensaːo,RV.TVR.TVR.SVV,CV.CVC.CVC.CVV
Redá,redaː,RV.TV,CV.CV
Redimé,redimeː,RV.TV.RV,CV.CV.CV
redemé,redemeː,RV.TV.RV,CV.CV.CV
Redundo,redundo,RV.TVR.TV,CV.CVC.CV
Refença,refensa,RV.TVR.SV,CV.CVC.CV
refencia,refensia,RV.TVR.SVV,CV.CVC.CVV
Refencioso,refensiozo,RV.TVR.SVV.SV,CV.CVC.CVV.CV
Refrescação,refɾeskasaːo,RV.TRVS.TV.SVV,CV.CCVC.CV.CVV
Refrigeiro,refɾid̠ʒeiɾo,RV.TRV.TVV.RV,CV.CCV.CVV.CV
Refujo,refud̠ʒo,RV.TV.TV,CV.CV.CV
Regáchi,regaːt̠ʃi,RV.TV.TV,CV.CV.CV
Règuel,reːd̠ʒel,RV.TVVR,CV.CVVC
Régiment,reːd̠ʒiment,RV.TV.RVR.T,CV.CV.CVC.C
Registração,red̠ʒistɾasaːo,RV.TVS.TRV.SVV,CV.CVC.CCV.CVV
Regná,regnaː,RV.TRV,CV.CCV
Regolá,regolaː,RV.TV.RV,CV.CV.CV
Rejectá,red̠ʒektaː,RV.TV.TTV,CV.CV.CCV
Rejeitamento,red̠ʒeitamento,RV.TVV.TV.RVR.TV,CV.CVV.CV.CVC.CV
Relijão,relid̠ʒaːo,RV.RV.TVV,CV.CV.CVV
religio,relid̠ʒio,RV.RV.TVV,CV.CV.CVV
reliji,relid̠ʒi,RV.RV.TV,CV.CV.CV
relizè,relizeː,RV.RV.TV,CV.CV.CV
relézi,releːzi,RV.RV.TV,CV.CV.CV
Relijoso,relid̠ʒozo,RV.RV.TV.SV,CV.CV.CV.CV
Remèdi,remeːdi,RV.RV.TV,CV.CV.CV
remédè,remeːdeː,RV.RV.TV,CV.CV.CV
remedio,remedio,RV.RV.TVV,CV.CV.CVV
Rempido,rempido,RVR.TV.TV,CVC.CV.CV
Rendá,rendaː,RVR.TV,CVC.CV
Rendaro,rendaɾo,RVR.TV.RV,CVC.CV.CV
Repagá,repagaː,RV.TV.TV,CV.CV.CV
Repário,repaːɾio,RV.TV.RVV,CV.CV.CVV
Repartição,repaɾtisaːo,RV.TVR.TV.SVV,CV.CVC.CV.CVV
Rependê,rependeː,RV.TVR.TV,CV.CVC.CV
Rependimento,rependimento,RV.TVR.TV.RVR.TV,CV.CVC.CV.CVC.CV
Repentá,repentaː,RV.TVR.TV,CV.CVC.CV
Repentação,repentasaːo,RV.TVR.TV.SVV,CV.CVC.CV.CVV
Repostá,repostaː,RV.TVS.TV,CV.CVC.CV
Reprende,repɾende,RV.TRVR.TV,CV.CCVC.CV
Reprensão,repɾensaːo,RV.TRVR.SVV,CV.CCVC.CVV
Reprová,repɾoʋaː,RV.TRV.TV,CV.CCV.CV
Reptiles,reptiles,RV.TTV.RVS,CV.CCV.CVC
reptils,reptils,RV.TTVRS,CV.CCVCC
Requedá,rekedaː,RV.TV.TV,CV.CV.CV
Requedação,rekedasaːo,RV.TV.TV.SVV,CV.CV.CV.CVV
Requéza,rekeːza,RV.TV.TV,CV.CV.CV
Requirivel,rekiɾiʋel,RV.TV.RV.TVR,CV.CV.CV.CVC
Resgueto,rezd̠ʒeto,RVS.TVV.TV,CVC.CVV.CV
Resolvá,rezolʋaː,RV.SVR.TV,CV.CVC.CV
Respeitado,respeitado,RVS.TVV.TV.TV,CVC.CVV.CV.CV
Respéto,respeːto,RVS.TV.TV,CVC.CV.CV
Resplandente,resplandente,RVS.TRVR.TVR.TV,CVC.CCVC.CVC.CV
resplandoso,resplandozo,RVS.TRVR.TV.SV,CVC.CCVC.CV.CV
Responsibilidade,responsibilidade,RVS.TVR.SV.TV.RV.TV.TV,CVC.CVC.CV.CV.CV.CV.CV
Restanto,restanto,RVS.TVR.TV,CVC.CVC.CV
Restorá,restoɾaː,RVS.TV.RV,CVC.CV.CV
Restoração,restoɾasaːo,RVS.TV.RV.SVV,CVC.CV.CV.CVV
Retorná,retoɾnaː,RV.TVRRV,CV.CVCCV
Retórna,retoːɾna,RV.TVRRV,CV.CVCCV
Revereno,reʋeɾeno,RV.TV.RVRV,CV.CV.CVCV
Rexinol,reʃinol,RV.TV.RVR,CV.CV.CVC
Rezão,rezaːo,RV.TVV,CV.CVV
rezan,rezan,RV.TVR,CV.CVC
Rezonavel,rezonaʋel,RV.TV.RV.TVR,CV.CV.CV.CVC
Revolá,reʋolaː,RV.TV.RV,CV.CV.CV
Rheumatism,reumatizm,RVV.RV.TVSR,CVV.CV.CVCC
Riba,riba,RV.TV,CV.CV
ribè,ribeː,RV.TV,CV.CV
Richo,rit̠ʃo,RV.TV,CV.CV
riqueiro,rikeiɾo,RV.TVV.RV,CV.CVV.CV
Riscá,riskaː,RVS.TV,CVC.CV
Riu,riu,RVV,CVV
Rodiá,rodiaː,RV.TVV,CV.CVV
Róga,roːga,RV.TV,CV.CV
Roido,rojdo,RVR.TV,CVC.CV
Róla,roːla,RV.RV,CV.CV
Rompá,rompaː,RVR.TV,CVC.CV
Ronchà,ront̠ʃaː,RVR.TV,CVC.CV
Rondade,rondade,RVR.TV.TV,CVC.CV.CV
Rosairo,rozaiɾo,RV.SVV.RV,CV.CVV.CV
Rostè,rosteː,RVS.TV,CVC.CV
Rota,rota,RV.TV,CV.CV
Rotados,rotados,RV.TV.TVS,CV.CV.CVC
Rubá,rubaː,RV.TV,CV.CV
Rubador,rubadoɾ,RV.TV.TVR,CV.CV.CVC
Rubação,rubasaːo,RV.TV.SVV,CV.CV.CVV
Rudela,rudela,RV.TV.RV,CV.CV.CV
Ruino,ruino,RVV.RV,CVV.CV
ruvína,ruʋiːna,RV.TV.RV,CV.CV.CV
ruvinação,ruʋinasaːo,RV.TV.RV.SVV,CV.CV.CV.CVV
Ruiná,ruinaː,RVV.RV,CVV.CV
ruviná,ruʋinaː,RV.TV.RV,CV.CV.CV
Rule,rule,RV.RV,CV.CV
Rumpé,rumpeː,RVR.TV,CVC.CV
Ruva,ruʋa,RV.TV,CV.CV
Saberoso,sabeɾozo,SV.TV.RV.SV,CV.CV.CV.CV
sabaroso,sabaɾozo,SV.TV.RV.SV,CV.CV.CV.CV
sabroso,sabɾozo,SV.TRV.SV,CV.CCV.CV
Saco,sako,SV.TV,CV.CV
Sacrifiço,sakɾifiso,SV.TRV.TV.SV,CV.CCV.CV.CV
SaGoa creolete,sagoa kɾeolete,SV.TVV TRVV.RV.TV,CV.CVV CCVV.CV.CV
sagovate,sagoʋate,SV.TV.TV.TV,CV.CV.CV.CV
Sahinho,saiɲo,SVV.RV,CVV.CV
Salutá,salutaː,SV.RV.TV,CV.CV.CV
Salutação,salutasaːo,SV.RV.TV.SVV,CV.CV.CV.CVV
Sandê,sandeː,SVR.TV,CVC.CV
sandà,sandaː,SVR.TV,CVC.CV
Santá,santaː,SVR.TV,CVC.CV
Santildade,santildade,SVR.TVR.TV.TV,CVC.CVC.CV.CV
Sápier,saːpieɾ,SV.TVVR,CV.CVVC
séper,seːpeɾ,SV.TVR,CV.CVC
Sapteiro,sapteiɾo,SV.TTVV.RV,CV.CCVV.CV
Sará,saɾaː,SV.RV,CV.CV
Sarado,saɾado,SV.RV.TV,CV.CV.CV
Sariants,saɾiants,SV.RVVR.TS,CV.CVVC.CC
Sastra,sastɾa,SVS.TRV,CVC.CCV
Satisfazido,satisfazido,SV.TVS.TV.TV.TV,CV.CVC.CV.CV.CV
Satisfeitomente,satisfeitomente,SV.TVS.TVV.TV.RVR.TV,CV.CVC.CVV.CV.CVC.CV
Saude,saude,SVV.TV,CVV.CV
saode,saode,SVV.TV,CVV.CV
savôdi,saʋoːdi,SV.TV.TV,CV.CV.CV
Saudição,saudisaːo,SVV.TV.SVV,CVV.CV.CVV
Saúdo,sauːdo,SVV.TV,CVV.CV
saudo-dia,saudodia,SVV.TV.TVV,CVV.CV.CVV
Sayão,sajaːo,SV.RVV,CV.CVV
sayán,sajaːn,SV.RVR,CV.CVC
Secado,sekado,SV.TV.TV,CV.CV.CV
Secta,sekta,SV.TTV,CV.CCV
secto,sekto,SV.TTV,CV.CCV
Secura,sekuɾa,SV.TV.RV,CV.CV.CV
Secura-chão,sekuɾat̠ʃaːo,SV.TV.RV.TVV,CV.CV.CV.CVV
Sedomente,sedomente,SV.TV.RVR.TV,CV.CV.CVC.CV
Ségel,seːd̠ʒel,SV.TVR,CV.CVC
Segredè,segɾedeː,SV.TRV.TV,CV.CCV.CV
segrédi,segɾeːdi,SV.TRV.TV,CV.CCV.CV
segradè,segɾadeː,SV.TRV.TV,CV.CCV.CV
Seguedor,sed̠ʒedoɾ,SV.TVV.TVR,CV.CVV.CVC
Seguente,sed̠ʒente,SV.TVVR.TV,CV.CVVC.CV
segunte,segunte,SV.TVR.TV,CV.CVC.CV
Seguiador,sed̠ʒiadoɾ,SV.TVVV.TVR,CV.CVVV.CVC
Seguindo,sed̠ʒindo,SV.TVVR.TV,CV.CVVC.CV
Seguradomente,seguɾadomente,SV.TV.RV.TV.RVR.TV,CV.CV.CV.CV.CVC.CV
Seisenta,seizenta,SVV.SVR.TV,CVV.CVC.CV
Seisto,seisto,SVVS.TV,CVVC.CV
Seite,seite,SVV.TV,CVV.CV
Séja,seːd̠ʒa,SV.TV,CV.CV
seija,seid̠ʒa,SVV.TV,CVV.CV
Sem,sem,SVR,CVC
Semalhança,semaʎansa,SV.RVRVR.SV,CV.CVCVC.CV
semeIhancè,semeianseː,SV.RVVVR.SV,CV.CVVVC.CV
Sementria,sementɾia,SV.RVR.TRVV,CV.CVC.CCVV
Sempetemo,sempetemo,SVR.TV.TV.RV,CVC.CV.CV.CV
sempretemo,sempɾetemo,SVR.TRV.TV.RV,CVC.CCV.CV.CV
sempieterno,sempieteɾno,SVR.TVV.TVRRV,CVC.CVV.CVCCV
Sen,sen,SVR,CVC
Senan,senan,SV.RVR,CV.CVC
Senhoris,seɲoɾis,SV.RVRVS,CV.CVCVC
Sentencia,sentensia,SVR.TVR.SVV,CVC.CVC.CVV
Seperá,sepeɾaː,SV.TV.RV,CV.CV.CV
Separação,sepaɾasaːo,SV.TV.RV.SVV,CV.CV.CV.CVV
Sepiá,sepiaː,SV.TVV,CV.CVV
Sepulturo,sepultuɾo,SV.TVR.TV.RV,CV.CVC.CV.CV
Séra,seːɾa,SV.RV,CV.CV
Seraphs,seɾafs,SV.RV.TS,CV.CV.CC
Serezan,seɾezan,SV.RV.TVR,CV.CV.CVC
Serioso,seɾiozo,SV.RVV.SV,CV.CVV.CV
Servideira,seɾʋideiɾa,SVR.TV.TVV.RV,CVC.CV.CVV.CV
Sés,seːs,SVS,CVC
Sestomo,sestomo,SVS.TV.RV,CVC.CV.CV
Seve,seʋe,SV.TV,CV.CV
Significão,signifikaːo,SV.TRV.TV.TVV,CV.CCV.CV.CVV
Siguier,sid̠ʒieɾ,SV.TVVVR,CV.CVVVC
Silente,silente,SV.RVR.TV,CV.CVC.CV
Silentemente,silentemente,SV.RVR.TV.RVR.TV,CV.CVC.CV.CVC.CV
Simiá,simiaː,SV.RVV,CV.CVV
Simple,simple,SVR.TRV,CVC.CCV
simplo,simplo,SVR.TRV,CVC.CCV
Sinceiro,sinseiɾo,SVR.SVV.RV,CVC.CVV.CV
Sincoventè,sinkoʋenteː,SVR.TV.TVR.TV,CVC.CV.CVC.CV
Sinhárè,siɲaːɾeː,SV.RVRV,CV.CVCV
Sinho,siɲo,SV.RV,CV.CV
Sinté,sinteː,SVR.TV,CVC.CV
Sintemento,sintemento,SVR.TV.RVR.TV,CVC.CV.CVC.CV
Sintido,sintido,SVR.TV.TV,CVC.CV.CV
Siome,siome,SVV.RV,CVV.CV
Sir,siɾ,SVR,CVC
Sirvidor,siɾʋidoɾ,SVR.TV.TVR,CVC.CV.CVC
Siso,sizo,SV.SV,CV.CV
Sistê,sisteː,SVS.TV,CVC.CV
Slack,zlakk,TRV.TT,CCV.CC
slec,zlek,TRV.T,CCV.C
Slenger,zlend̠ʒeɾ,TRVR.TVR,CCVC.CVC
Sobei',sobei,SV.TVV,CV.CVV
Sobérvia,sobeːɾʋia,SV.TVR.TVV,CV.CVC.CVV
Sobrano,sobɾano,SV.TRV.RV,CV.CCV.CV
Sobredade,sobɾedade,SV.TRV.TV.TV,CV.CCV.CV.CV
soberdade,sobeɾdade,SV.TVR.TV.TV,CV.CVC.CV.CV
Sóbri,soːbɾi,SV.TRV,CV.CCV
sóber,soːbeɾ,SV.TVR,CV.CVC
Sociadade,sosiadade,SV.SVV.TV.TV,CV.CVV.CV.CV
Sociado,sosiado,SV.SVV.TV,CV.CVV.CV
Socorá,sokoɾaː,SV.TV.RV,CV.CV.CV
Socoro,sokoɾo,SV.TV.RV,CV.CV.CV
Soffrá,sofɾaː,SV.TRV,CV.CCV
Sogeito,sod̠ʒeito,SV.TVV.TV,CV.CVV.CV
Soitâ,sojtaː,SVR.TV,CVC.CV
Solemno,solemno,SV.RVRRV,CV.CVCCV
Solicitidão,solisitidaːo,SV.RV.SV.TV.TVV,CV.CV.CV.CV.CVV
Solteira,solteiɾa,SVR.TVV.RV,CVC.CVV.CV
Sombral,sombɾal,SVR.TRVR,CVC.CCVC
sombralho,sombɾaʎo,SVR.TRV.RV,CVC.CCV.CV
Sombrè,sombɾeː,SVR.TRV,CVC.CCV
sómber,soːmbeɾ,SVR.TVR,CVC.CVC
Sombreiro,sombɾeiɾo,SVR.TRVV.RV,CVC.CCVV.CV
sumberaro,sumbeɾaɾo,SVR.TV.RVRV,CVC.CV.CVCV
Sometido,sometido,SV.RV.TV.TV,CV.CV.CV.CV
Sonento,sonento,SV.RVR.TV,CV.CVC.CV
Stal,stal,TTVR,CCVC
Staps,staps,TTV.TS,CCV.CC
Su,su,SV,CV
Subê,subeː,SV.TV,CV.CV
soubê,soubeː,SVV.TV,CVV.CV
Subiá,subiaː,SV.TVV,CV.CVV
Subjecto,subd̠ʒekto,SV.TTV.TTV,CV.CCV.CCV
Subtomente,subtomente,SV.TTV.RVR.TV,CV.CCV.CVC.CV
Súcar,suːkaɾ,SV.TVR,CV.CVC
Suffri,sufɾi,SV.TRV,CV.CCV
Suffrador,sufɾadoɾ,SV.TRV.TVR,CV.CCV.CVC
Sujaza,sud̠ʒaza,SV.TV.TV,CV.CV.CV
Sujo,sud̠ʒo,SV.TV,CV.CV
Sumana,sumana,SV.RVRV,CV.CVCV
sumanè,sumaneː,SV.RVRV,CV.CVCV
Suo,suo,SVV,CVV
Superemo,supeɾemo,SV.TV.RVRV,CV.CV.CVCV
Supo,supo,SV.TV,CV.CV
Supportá,suppoɾtaː,SV.TTVR.TV,CV.CCVC.CV
supertá,supeɾtaː,SV.TVR.TV,CV.CVC.CV
Súppodo,suːppodo,SV.TTV.TV,CV.CCV.CV
súppudo,suːppudo,SV.TTV.TV,CV.CCV.CV
Suppodomente,suppodomente,SV.TTV.TV.RVR.TV,CV.CCV.CV.CVC.CV
Supporto,suppoɾto,SV.TTVR.TV,CV.CCVC.CV
Suppressá,suppɾesaː,SV.TTRVSSV,CV.CCCVCCV
Susaso,suzazo,SV.SVSV,CV.CVCV
Suscedà,sussedaː,SVSSV.TV,CVCCV.CV
susdé,suzdeː,SVS.TV,CVC.CV
susté,susteː,SVS.TV,CVC.CV
sosté,sosteː,SVS.TV,CVC.CV
Suspicio,suspisio,SVS.TV.SVV,CVC.CV.CVV
suspiçan,suspisan,SVS.TV.SVR,CVC.CV.CVC
Suspira,suspiɾa,SVS.TV.RV,CVC.CV.CV
Suvà,suʋaː,SV.TV,CV.CV
Suvida,suʋida,SV.TV.TV,CV.CV.CV
Tábè,taːbeː,TV.TV,CV.CV
Tabemaclo,tabemaklo,TV.TV.RV.TRV,CV.CV.CV.CCV
Tabo,tabo,TV.TV,CV.CV
Tac,tak,TV.T,CV.C
tak,tak,TV.T,CV.C
Talhí,taʎiː,TV.RV,CV.CV
Tandá,tandaː,TVR.TV,CVC.CV
Tanga,tanga,TVR.TV,CVC.CV
Tanjador,tand̠ʒadoɾ,TVR.TV.TVR,CVC.CV.CVC
Tánta,taːnta,TVR.TV,CVC.CV
Tantohora,tantooɾa,TVR.TVV.RV,CVC.CVV.CV
Tappál,tappaːl,TV.TTVR,CV.CCVC
Tardancè,taɾdanseː,TVR.TVR.SV,CVC.CVC.CV
Tavemo,taʋemo,TV.TV.RV,CV.CV.CV
Tax,taʃ,TV.T,CV.C
Tea,tea,TVV,CVV
Telegramo,telegɾamo,TV.RV.TRV.RV,CV.CV.CCV.CV
Telhada,teʎada,TV.RV.TV,CV.CV.CV
Tem,tem,TVR,CVC
Temaro,temaɾo,TV.RVRV,CV.CVCV
Témper,teːmpeɾ,TVR.TVR,CVC.CVC
Tempésta,tempeːsta,TVR.TVS.TV,CVC.CVC.CV
Tend,tend,TVR.T,CVC.C
Tenro,tenɾo,TVRRV,CVCCV
Tenteção,tentesaːo,TVR.TV.SVV,CVC.CV.CVV
Terano,teɾano,TV.RVRV,CV.CVCV
Terivel,teɾiʋel,TV.RV.TVR,CV.CV.CVC
Terrestrial,terestɾial,TV.RVS.TRVVR,CV.CVC.CCVVC
Tesá,tezaː,TV.SV,CV.CV
Teçan,tesan,TV.SVR,CV.CVC
Testimonio,testimonio,TVS.TV.RVRVV,CVC.CV.CVCVV
Thesóura,tezoːuɾa,TV.SVV.RV,CV.CVV.CV
thesauro,tezauɾo,TV.SVV.RV,CV.CVV.CV
Thesouria,tezouɾia,TV.SVV.RVV,CV.CVV.CVV
Ticê,tiseː,TV.SV,CV.CV
tissi,tisi,TVSSV,CVCCV
Tifin,tifin,TV.TVR,CV.CVC
Tígir,tiːd̠ʒiɾ,TV.TVR,CV.CVC
Tinhè,tiɲeː,TV.RV,CV.CV
Tirnia,tiɾnia,TVRRVV,CVCCVV
Tirrá,tiraː,TV.RV,CV.CV
Toca-boca,tokaboka,TV.TV.TV.TV,CV.CV.CV.CV
Tocando,tokando,TV.TVR.TV,CV.CVC.CV
toquando,tokuando,TV.TVVR.TV,CV.CVVC.CV
Todo,todo,TV.TV,CV.CV
Tone,tone,TV.RV,CV.CV
Topàz,topaːs,TV.TVS,CV.CVC
Tormentador,toɾmentadoɾ,TVRRVR.TV.TVR,CVCCVC.CV.CVC
Tórna,toːɾna,TVRRV,CVCCV
Tortil,toɾtil,TVR.TVR,CVC.CVC
Torno,toɾno,TVRRV,CVCCV
Tosé,tozeː,TV.SV,CV.CV
Traducê,tɾaduseː,TRV.TV.SV,CCV.CV.CV
Trahido,tɾaido,TRVV.TV,CCVV.CV
Train,tɾain,TRVVR,CCVVC
Transgressá,tɾanzgɾesaː,TRVRS.TRVSSV,CCVCC.CCVCCV
Transgressador,tɾanzgɾesadoɾ,TRVRS.TRVSSV.TVR,CCVCC.CCVCCV.CVC
Transportado,tɾanspoɾtado,TRVRS.TVR.TV.TV,CCVCC.CVC.CV.CV
Trap,tɾap,TRV.T,CCV.C
Trapá,tɾapaː,TRV.TV,CCV.CV
Travezá,tɾaʋezaː,TRV.TV.TV,CCV.CV.CV
Traz-cahido,tɾazkaido,TRV.TTVV.TV,CCV.CCVV.CV
traz-porta,tɾazpoɾta,TRV.TTVR.TV,CCV.CCVC.CV
Travelho,tɾaʋeʎo,TRV.TV.RV,CCV.CV.CV
travajo,tɾaʋad̠ʒo,TRV.TV.TV,CCV.CV.CV
travai,tɾaʋai,TRV.TVV,CCV.CVV
travia,tɾaʋia,TRV.TVV,CCV.CVV
Travalhá,tɾaʋaʎaː,TRV.TV.RV,CCV.CV.CV
travalyá,tɾaʋaljaː,TRV.TVRRV,CCV.CVCCV
travejá,tɾaʋed̠ʒaː,TRV.TV.TV,CCV.CV.CV
traveliá,tɾaʋeliaː,TRV.TV.RVV,CCV.CV.CVV
traviá,tɾaʋiaː,TRV.TVV,CCV.CVV
Trazeiro,tɾazeiɾo,TRV.TVV.RV,CCV.CVV.CV
Treato,tɾeato,TRVV.TV,CCVV.CV
Treção,tɾesaːo,TRV.SVV,CCV.CVV
tresão,tɾezaːo,TRV.SVV,CCV.CVV
tresan,tɾezan,TRV.SVR,CCV.CVC
Trediça,tɾedisa,TRV.TV.SV,CCV.CV.CV
traidice,tɾaidise,TRVV.TV.SV,CCVV.CV.CV
Treidor,tɾeidoɾ,TRVV.TVR,CCVV.CVC
tredor,tɾedoɾ,TRV.TVR,CCV.CVC
Trémè,tɾeːmeː,TRV.RV,CCV.CV
Tremedura,tɾemeduɾa,TRV.RV.TV.RV,CCV.CV.CV.CV
Trevessá,tɾeʋesaː,TRV.TVSSV,CCV.CVCCV
Trevessado,tɾeʋesado,TRV.TVSSV.TV,CCV.CVCCV.CV
trevesado,tɾeʋezado,TRV.TV.SV.TV,CCV.CV.CV.CV
arrevezado,areʋezado,V.RV.TV.TV.TV,V.CV.CV.CV.CV
Travesso,tɾaʋeso,TRV.TVSSV,CCV.CVCCV
treveço,tɾeʋeso,TRV.TV.SV,CCV.CV.CV
Trezeiro,tɾezeiɾo,TRV.TVV.RV,CCV.CVV.CV
trezéro,tɾezeːɾo,TRV.TV.RV,CCV.CV.CV
Trezeiromente,tɾezeiɾomente,TRV.TVV.RVRVR.TV,CCV.CVV.CVCVC.CV
Tribulá,tɾibulaː,TRV.TV.RV,CCV.CV.CV
Trimi,tɾimi,TRV.RV,CCV.CV
Trinidade,tɾinidade,TRV.RV.TV.TV,CCV.CV.CV.CV
Trintè,tɾinteː,TRVR.TV,CCVC.CV
Triómpha,tɾioːmfa,TRVVR.TV,CCVVC.CV
Triompliá,tɾiompliaː,TRVVR.TRVV,CCVVC.CCVV
Triompliante,tɾiompliante,TRVVR.TRVVR.TV,CCVVC.CCVVC.CV
Tristézè,tɾisteːzeː,TRVS.TV.TV,CCVC.CV.CV
Trizê,tɾizeː,TRV.TV,CCV.CV
trizá,tɾizaː,TRV.TV,CCV.CV
treizê,tɾeizeː,TRVV.TV,CCVV.CV
Troada,tɾoada,TRVV.TV,CCVV.CV
truada,tɾuada,TRVV.TV,CCVV.CV
trovada,tɾoʋada,TRV.TV.TV,CCV.CV.CV
trovado,tɾoʋado,TRV.TV.TV,CCV.CV.CV
truvado,tɾuʋado,TRV.TV.TV,CCV.CV.CV
Trova,tɾoʋa,TRV.TV,CCV.CV
truvá,tɾuʋaː,TRV.TV,CCV.CV
Trobellado,tɾobelado,TRV.TVRRV.TV,CCV.CVCCV.CV
Trocamento,tɾokamento,TRV.TV.RVR.TV,CCV.CV.CVC.CV
Trocido,tɾosido,TRV.SV.TV,CCV.CV.CV
Trombeto,tɾombeto,TRVR.TV.TV,CCVC.CV.CV
trumbetè,tɾumbeteː,TRVR.TV.TV,CCVC.CV.CV
Tromenta,tɾomenta,TRV.RVR.TV,CCV.CVC.CV
troméntè,tɾomeːnteː,TRV.RVR.TV,CCV.CVC.CV
tromento,tɾomento,TRV.RVR.TV,CCV.CVC.CV
Tropeço,tɾopeso,TRV.TV.SV,CCV.CV.CV
troupeço,tɾoupeso,TRVV.TV.SV,CCVV.CV.CV
Tropeça,tɾopesa,TRV.TV.SV,CCV.CV.CV
troupeçà,tɾoupesaː,TRVV.TV.SV,CCVV.CV.CV
Troubalá,tɾoubalaː,TRVV.TV.RV,CCVV.CV.CV
troubelà,tɾoubelaː,TRVV.TV.RV,CCVV.CV.CV
troubalha,tɾoubaʎa,TRVV.TV.RV,CCVV.CV.CV
troublà,tɾoublaː,TRVV.TRV,CCVV.CCV
trublá,tɾublaː,TRV.TRV,CCV.CCV
Trobellado,tɾobelado,TRV.TVRRV.TV,CCV.CVCCV.CV
Troublação,tɾoublasaːo,TRVV.TRV.SVV,CCVV.CCV.CVV
trublação,tɾublasaːo,TRV.TRV.SVV,CCV.CCV.CVV
trubelasan,tɾubelazan,TRV.TV.RV.SVR,CCV.CV.CV.CVC
trobalhasan,tɾobaʎazan,TRV.TV.RV.SVR,CCV.CV.CV.CVC
Trouble,tɾouble,TRVV.TRV,CCVV.CCV
Traçador,tɾasadoɾ,TRV.SV.TVR,CCV.CV.CVC
Trucé,tɾuseː,TRV.SV,CCV.CV
trussé,tɾuseː,TRVSSV,CCVCCV
Trusamento,tɾuzamento,TRV.SV.RVR.TV,CCV.CV.CVC.CV
Tudos,tudos,TV.TVS,CV.CVC
Tuli,tuli,TV.RV,CV.CV
Tuo,tuo,TVV,CVV
Tutana,tutana,TV.TV.RV,CV.CV.CV
Umi,umi,V.RV,V.CV
Ungiá,und̠ʒiaː,VR.TVV,VC.CVV
Urvis,uɾʋis,VR.TVS,VC.CVC
Usancia,uzansia,V.SVR.SVV,V.CVC.CVV
usancè,uzanseː,V.SVR.SV,V.CVC.CV
Uscuro,uskuɾo,VS.TV.RV,VC.CV.CV
Uço,uso,V.SV,V.CV
Vaca,ʋaka,TV.TV,CV.CV
Vacudade,ʋakudade,TV.TV.TV.TV,CV.CV.CV.CV
Vadade,ʋadade,TV.TV.TV,CV.CV.CV
Vagára,ʋagaːɾa,TV.TV.RV,CV.CV.CV
Vai,ʋai,TVV,CVV
Valante,ʋalante,TV.RVR.TV,CV.CVC.CV
Valiá,ʋaliaː,TV.RVV,CV.CVV
Vanda,ʋanda,TVR.TV,CVC.CV
Vande,ʋande,TVR.TV,CVC.CV
Vand'lar-vida,ʋandlaɾʋida,TVR.TRVR.TV.TV,CVC.CCVC.CV.CV
Vanz,ʋans,TVRS,CVCC
Vaquinha,ʋakiɲa,TV.TV.RV,CV.CV.CV
vaccinha,ʋasiɲa,TV.SV.RV,CV.CV.CV
Varioso,ʋaɾiozo,TV.RVV.SV,CV.CVV.CV
Varzè,ʋaɾzeː,TVR.TV,CVC.CV
vàrzi,ʋaːɾzi,TVR.TV,CVC.CV
Varzeiro,ʋaɾzeiɾo,TVR.TVV.RV,CVC.CVV.CV
vaijeiro,ʋaid̠ʒeiɾo,TVV.TVV.RV,CVV.CVV.CV
Vatti,ʋatːi,TV.TTV,CV.CCV
Ven,ʋen,TVR,CVC
Vença,ʋensa,TVR.SV,CVC.CV
vencà,ʋenkaː,TVR.TV,CVC.CV
Vencador,ʋenkadoɾ,TVR.TV.TVR,CVC.CV.CVC
Vein,ʋein,TVVR,CVVC
Venettè,ʋenetːeː,TV.RV.TTV,CV.CV.CCV
vanetta,ʋanetːa,TV.RV.TTV,CV.CV.CCV
vanettè,ʋanetːeː,TV.RV.TTV,CV.CV.CCV
Vénkel,ʋeːnkel,TVR.TVR,CVC.CVC
vénkal,ʋeːnkal,TVR.TVR,CVC.CVC
Ventra,ʋentɾa,TVR.TRV,CVC.CCV
vénter,ʋeːnteɾ,TVR.TVR,CVC.CVC
Verdedeiro,ʋeɾdedeiɾo,TVR.TV.TVV.RV,CVC.CV.CVV.CV
Verdeiromente,ʋeɾdeiɾomente,TVR.TVV.RVRVR.TV,CVC.CVV.CVCVC.CV
Verdente,ʋeɾdente,TVR.TVR.TV,CVC.CVC.CV
Vergonhadomente,ʋeɾgoɲadomente,TVR.TV.RV.TV.RVR.TV,CVC.CV.CV.CV.CVC.CV
Vésper,ʋeːspeɾ,TVS.TVR,CVC.CVC
Vestimento,ʋestimento,TVS.TV.RVR.TV,CVC.CV.CVC.CV
Veyo,ʋejo,TV.RV,CV.CV
Viagè,ʋiad̠ʒeː,TVV.TV,CVV.CV
viajo,ʋiad̠ʒo,TVV.TV,CVV.CV
Veagéro,ʋead̠ʒeːɾo,TVV.TV.RV,CVV.CV.CV
Vichelei,ʋit̠ʃelei,TV.TV.RVV,CV.CV.CVV
Vida,ʋida,TV.TV,CV.CV
vidè,ʋideː,TV.TV,CV.CV
Vidèaquél,ʋideːakeːl,TV.TVV.TVR,CV.CVV.CVC
Vidèque,ʋideːke,TV.TV.TV,CV.CV.CV
vidèquél,ʋideːkeːl,TV.TV.TVR,CV.CV.CVC
Vido,ʋido,TV.TV,CV.CV
Vido,ʋido,TV.TV,CV.CV
Vidor,ʋidoɾ,TV.TVR,CV.CVC
Vigári,ʋigaːɾi,TV.TV.RV,CV.CV.CV
Vigil,ʋid̠ʒil,TV.TVR,CV.CVC
Vin',ʋin,TVR,CVC
Vindo,ʋindo,TVR.TV,CVC.CV
Vingá,ʋingaː,TVR.TV,CVC.CV
Vintôrè,ʋintoːɾeː,TVR.TV.RV,CVC.CV.CV
Vinteroso,ʋinteɾozo,TVR.TV.RV.SV,CVC.CV.CV.CV
vintroso,ʋintɾozo,TVR.TRV.SV,CVC.CCV.CV
Vio,ʋio,TVV,CVV
Virado,ʋiɾado,TV.RV.TV,CV.CV.CV
Viradomente,ʋiɾadomente,TV.RV.TV.RVR.TV,CV.CV.CV.CVC.CV
Virgem-ventre,ʋiɾd̠ʒemʋentɾe,TVR.TVR.TVR.TRV,CVC.CVC.CVC.CCV
Virrá,ʋiraː,TV.RV,CV.CV
Vistè,ʋisteː,TVS.TV,CVC.CV
Vistê,ʋisteː,TVS.TV,CVC.CV
vistá,ʋistaː,TVS.TV,CVC.CV
Vistementé,ʋistementeː,TVS.TV.RVR.TV,CVC.CV.CVC.CV
vistemento,ʋistemento,TVS.TV.RVR.TV,CVC.CV.CVC.CV
vistido,ʋistido,TVS.TV.TV,CVC.CV.CV
Vivenda,ʋiʋenda,TV.TVR.TV,CV.CVC.CV
Vizia,ʋizia,TV.TVV,CV.CVV
Viziá,ʋiziaː,TV.TVV,CV.CVV
Viziador,ʋiziadoɾ,TV.TVV.TVR,CV.CVV.CVC
Viziação,ʋiziasaːo,TV.TVV.SVV,CV.CVV.CVV
Voltiá,ʋoltiaː,TVR.TVV,CVC.CVV
Vossas,ʋosas,TVSSVS,CVCCVC
Vossè,ʋoseː,TVSSV,CVCCV
Vossotros,ʋosotɾos,TVSSV.TRVS,CVCCV.CCVC
Waggon,ʋagon,TV.TVR,CV.CVC
Waiscoat,ʋaiskoat,TVVS.TVV.T,CVVC.CVV.C
Wine,ʋine,TV.RV,CV.CV
Zumbá,zumbaː,TVR.TV,CVC.CV
Zomberías,zombeɾiːas,TVR.TV.RVVS,CVC.CV.CVVC
zombrias,zombɾias,TVR.TRVVS,CVC.CCVVC
zombàrios,zombaːɾios,TVR.TV.RVVS,CVC.CV.CVVC
