crioulo,IPA
Abaço,abaso
Aberçà,abeɾsaː
abersà,abeɾsaː
aburçá,abuɾsaː
Aburcé,abuɾseː
Ablà,ablaː
Aborcido,aboɾsido
Absença,absensa
Absente,absente
Abundamente,abundamente
Abysso,abjso
Acá,akaː
Acceptà,aseptaː
Acceptação,aseptasaːo
Acceptavel,aseptaʋel
Acoompinhà,akoompiɲaː
Accordá,akoɾdaː
Acoordança,akooɾdansa
accordancè,akoɾdanseː
Acento,asento
Acerto,aseɾto
Achar,at̠ʃaɾ
Açorague,asoɾad̠ʒe
Ade,ade
adem,adem
Ade,ade
Adéo,adeːo
Adiôto,adioːto
Adivu,adiʋu
aDiu creole,adiu kɾeole
adio,adio
adéo,adeːo
adibe,adibe
adive,adiʋe
Adjudà,ad̠ʒudaː
Admiral,admiɾal
Adultéria,adulteːɾia
adulteração,adulteɾasaːo
Adulterioso,adulteɾiozo
adulteiroso,adulteiɾozo
Advocat,adʋokat
Advogador,adʋogadoɾ
Affajado,afad̠ʒado
Affeçan,afesan
Afflictá,afliktaː
Ágô,aːgoː
Agór,agoːɾ
agorra,agora
agorrè,agoreː
Agradado,agɾadado
Aguá,aguaː
aguvá,aguʋaː
Aindè,aindeː
Aio,aio
Ajo,ad̠ʒo
Alà,alaː
allá,alaː
Albre,albɾe
àlbri,aːlbɾi
àlbir,aːlbiɾ
Aldeano,aldeano
Aldia,aldia
Alegrado,alegɾado
Alegroso,alegɾozo
Alembrá,alembɾaː
Alembração,alembɾasaːo
Alfada,alfada
Alfàndago,alfaːndago
Alfiato,alfiato
Algoso,algozo
Alguems,ald̠ʒems
Alhum,aʎum
alum,alum
Alhuma,aʎuma
algum de Alhumas,algum de aʎumas
Alhumhoras,aʎumoɾas
Alhumhoras...alhumhoras...,aʎumoɾas aʎumoɾas 
Allagrá,alagɾaː
allagriá,alagɾiaː
Allagre,alagɾe
allagroso,alagɾozo
allegrioso,alegɾiozo
Allagria,alagɾia
allegri,alegɾi
Almári,almaːɾi
Almazem,almazem
Almóça,almoːsa
Alqumas,al k umas
Altividade,altiʋidade
Alumado,alumado
Aluminá,aluminaː
Alverção,alʋeɾsaːo
Alvorsà,alʋoɾsaː
alversá,alʋeɾsaː
Alvoroção,alʋoɾosaːo
alvroço,alʋɾoso
Causedor,kauzedoɾ
Depalmião,depalmiaːo
Amanhão,amaɲaːo
aminhão,amiɲaːo
amião,amiaːo
amiam,amiam
Amaroso,amaɾozo
ameroso,ameɾozo
amoro,amoɾo
Ambal,ambal
Améças,ameːsas
Amiçan,amisan
Amizade,amizade
Amos,amos
Ámper,aːmpeɾ
ámperámper,aːmpeɾaːmpeɾ
Ampér,ampeːɾ
Amportà,ampoɾtaː
Andà,andaː
andavè,andaʋeː
Anela,anela
Anima,anima
Anjo-chusmos,and̠ʒo t̠ʃuzmos
Anjo-cuidador,and̠ʒo kuidadoɾ
Anjo-fallas,and̠ʒo falas
Anjo-rosto,and̠ʒo ɾosto
Anjóla,and̠ʒoːla
Ankerà,ankeɾaː
ancrà,ankɾaː
Anno-casa,anno kaza
Anno-dia,anno dia
Anoute,anoute
Anciado,ansiado
Ansque,anske
Antiphono,antifono
Anxiamente,anʃiamente
Apertamento,apeɾtamento
apartamento,apaɾtamento
Apinhá,apiɲaː
Applicação,applikasaːo
applicaçan,applikasan
Approval,appɾoʋal
April,apɾil
Aquél,akeːl
aquelle,akele
Aquelvide,akelʋide
Arco,aɾko
Ária,aːɾia
Arià,aɾiaː
Ariba,aɾiba
Aromatizàrs,aɾomatizaːɾs
Aros,aɾos
Artaple,aɾtaple
Ártei,aːɾtei
Articulo,aɾtikulo
Artifiço,aɾtifiso
Artilháris,aɾtiʎaːɾis
Ásper,aːspeɾ
Asperà,aspeɾaː
Asperdade,aspeɾdade
Assi,asi
Assilai,asilai
assilei,asilei
Assitanto,asitanto
astanto,astanto
Assino,asino
Assofran,asofɾan
Assofrà,asofɾaː
Atà,ataː
Atarde,ataɾde
Atchà,at̠ʃaː
Até,ateː
Atramento,atɾamento
Atramentá,atɾamentaː
atrevimentá,atɾeʋimentaː
Atténcia,atːeːnsia
atténcè,atːeːnseː
Attermesan,atːeɾmezan
Audénci,audeːnsi
Audia,audia
Ógost,oːgost
Avantagem,aʋantad̠ʒem
Avelho,aʋeʎo
Avená,aʋenaː
Avoà,aʋoaː
Avogado,aʋogado
Avô-mai,aʋoː mai
Avô-pai,aʋoː pai
Azéte,azeːte
aziete,aziete
Azeitero,azeiteɾo
azietero,azieteɾo
Baas,bas
Bàbaro,baːbaɾo
Bêbi,beːbi
Baclà,baklaː
Baclador,bakladoɾ
Bacladura,bakladuɾa
bacaldura,bakalduɾa
Bafa,bafa
Bailo,bailo
Baiso,baizo
baço,baso
Bassá,basaː
Basséza,baseːza
Balança,balansa
Balmaçado,balmasado
Balmo,balmo
Bend,bend
Banda-dentro,banda dentɾo
Banda-fora,banda foɾa
Bandérè,bandeːɾeː
Bandeya,bandeja
Bangià,band̠ʒiaː
Bank,bank
Benkrut,benkɾut
Banths,bants
Bariga,baɾiga
Baro,baɾo
báru,baːɾu
Baro-casa,baɾo kaza
Barrato,barato
Barrê,bareː
Barido,baɾido
Bàsin,baːzin
Bassóra,basoːɾa
Bastanto,bastanto
Bàtica,baːtika
Batrai,batɾai
Battà,batːaː
Battalho,batːaʎo
Batte,batːe
Bautismo,bautizmo
Bautizá,bautizaː
Bautista,bautista
Bai,bai
bei,bei
Bazar,bazaɾ
bazaara,bazaɾa
Beberajo,bebeɾad̠ʒo
beberai,bebeɾai
Beberajochaps,bebeɾad̠ʒot̠ʃaps
Beberão,bebeɾaːo
babarão,babaɾaːo
bebrão,bebɾaːo
Bebera,bebeɾa
Béço,beːso
Bíar,biːaɾ
Bemfeito,bemfeito
bemfeto,bemfeto
Bemfeitos,bemfeitos
Bença,bensa
bencè,benseː
Bendição,bendisaːo
Beneficaçan,benefikasan
Benigdade,benigdade
Benzê,benzeː
benzà,benzaː
Bénza,beːnza
bénzè,beːnzeː
Berguer,beɾd̠ʒeɾ
Beryl,beɾjl
Béudo,beːudo
Beudice,beudise
Baibol,baibol
Baibol-nomes,baibol nomes
Bibora,biboɾa
Bijá,bid̠ʒaː
Billiard,biliaɾd
Billiard-cámber,biliaɾd kaːmbeɾ
Bill,bil
Bisiga,biziga
Bispada,bispada
Blada,blada
bladè,bladeː
Blanket,blanket
Blasphemaçan,blasfemasan
Blasphemoso,blasfemozo
Bõa,boːa
Bôt,boːt
Bobra,bobɾa
Bocadè,bokadeː
Bodrimo,bodɾimo
Boffetado,bofetado
Boftiá,boftiaː
buftiá,buftiaː
Boftada,boftada
Boltiá,boltiaː
Bom,bom
Bonancè,bonanseː
Bonino,bonino
Buts,buts
Bordè,boɾdeː
Bordiá,boɾdiaː
Borrecido,boresido
Bota,bota
Botle,botle
botei,botei
bottal,botːal
Bottle-vinho,botːle ʋiɲo
Boutic,boutik
Boutiqueiro,boutikeiɾo
Boventade,boʋentade
bovantade,boʋantade
Boventademente,boʋentademente
Bocs,boks
Branca,bɾanka
Branda,bɾanda
Brandi,bɾandi
Branquéza,bɾankeːza
Brao,bɾao
brau,bɾau
Braviá,bɾaʋiaː
Brazá,bɾazaː
Bremellio,bɾemelio
brimellio,bɾimelio
brimalho,bɾimaʎo
brimejo,bɾimed̠ʒo
Brinc'-de-fogo,bɾin k ə de fogo
Búrdar,buːɾdaɾ
Bruffà,bɾufaː
Bruffador,bɾufadoɾ
Bruffamento,bɾufamento
Bruço,bɾuso
Buco,buko
búku,buːku
Bunaca,bunaka
Bunito,bunito
Burà,buɾaː
Burcê,buɾseː
burçá,buɾsaː
Burdade,buɾdade
Búru,buːɾu
Busca,buska
Caba,kaba
cava,kaʋa
Cabai,kabai
cabaya,kabaja
cuobai,kuobai
Cabeça,kabesa
cabeçé,kabeseː
Cabelho,kabeʎo
Cabrado,kabɾado
Caçaria,kasaɾia
Cacada,kakada
Cacho,kat̠ʃo
Cachór,kat̠ʃoːɾ
Cachorinho,kat̠ʃoɾiɲo
Cadahora,kadaoɾa
cadora,kadoɾa
cadhor,kadoɾ
Cadhum,kadum
Cadè,kadeː
Cadéra,kadeːɾa
Cadia,kadia
Caflà,kaflaː
Caflação,kaflasaːo
Cafrana,kafɾana
Cahidas-per-traz,kaidas peɾ tɾas
Caix,kaiʃ
Calão,kalaːo
Càlis,kaːlis
Calmo,kalmo
Calquinha,kalkiɲa
Calsão,kalsaːo
Calvàri,kalʋaːɾi
Cambiador,kambiadoɾ
Cambra,kambɾa
cambrè,kambɾeː
càmber,kaːmbeɾ
Cambrão,kambɾaːo
Cam'rado,kaməɾado
cambrado,kambɾado
Campal,kampal
Can',kanə
candè,kandeː
Canàlhi,kanaːʎi
Cançàs,kansaːs
Câncer,kaːnseɾ
Candecera,kandeseɾa
can'cera,kanəseɾa
Candelàr,kandelaːɾ
candelér,kandeleːɾ
Cândia,kaːndia
Canto,kanto
Kep,kep
Capas,kapas
Capitel,kapitel
Captão,kaptaːo
capitano,kapitano
Caravão,kaɾaʋaːo
Careiro,kaɾeiɾo
cararo,kaɾaɾo
Cargá,kaɾgaː
Cargação,kaɾgasaːo
Cari,kaɾi
Caria,kaɾia
Caridavel,kaɾidaʋel
Caringuejo,kaɾind̠ʒed̠ʒo
Caristia,kaɾistia
caristi,kaɾisti
carrestia,karestia
Carrete,karete
careta,kaɾeta
caretè,kaɾeteː
Carro,karo
Cartá,kaɾtaː
Carta-mesa,kaɾta meza
Cartè,kaɾteː
Casa-lugária,kaza lugaːɾia
Casa-porta,kaza poɾta
Casião,kaziaːo
Cassa,kasa
Cassão,kasaːo
Castella,kastela
castellé,kasteleː
Castigação,kastigasaːo
Cativeira,katiʋeiɾa
Catividade,katiʋidade
Catàrr,kataːr
Causo,kauzo
Cavador,kaʋadoɾ
Cavalheria,kaʋaʎeɾia
Cavente,kaʋente
Cavelyéro,kaʋeljeːɾo
Cavelo,kaʋelo
Caverno,kaʋeɾno
Caxa,kaʃa
Cendê,sendeː
Cento,sento
centa,senta
Cents,sents
Ceremonio,seɾemonio
Certeza,seɾteza
certézè,seɾteːzeː
Chabuco,t̠ʃabuko
chabuca,t̠ʃabuka
Chalo,t̠ʃalo
Chan,t̠ʃan
Chap,t̠ʃap
Chápè,t̠ʃaːpeː
Chape,t̠ʃape
Chart,t̠ʃaɾt
Chela,t̠ʃela
Chéo,t̠ʃeːo
Chéro,t̠ʃeːɾo
chiero,t̠ʃieɾo
chiesto,t̠ʃiesto
chisto,t̠ʃisto
Chisto,t̠ʃisto
Chiado,t̠ʃiado
Cheadice,t̠ʃeadise
chediça,t̠ʃedisa
chidiça,t̠ʃidisa
chidice,t̠ʃidise
Chedice-lingua,t̠ʃedise lingua
China-patàz,t̠ʃina pataːs
Chinglà,t̠ʃinglaː
Chipi,t̠ʃipi
Chita,t̠ʃita
Chocarréa,t̠ʃokareːa
choqueria,t̠ʃokeɾia
Chomà,t̠ʃomaː
Chóma,t̠ʃoːma
Chorrà,t̠ʃoraː
churá,t̠ʃuɾaː
Chóve,t̠ʃoːʋe
Cristendade,kɾistendade
Cristmas,kɾistmas
Chuchadas,t̠ʃut̠ʃadas
Chuchado,t̠ʃut̠ʃado
Chulo,t̠ʃulo
Chumà,t̠ʃumaː
Chumaço,t̠ʃumaso
Chunambo,t̠ʃunambo
Chusmo,t̠ʃuzmo
Cinquo,sinkuo
cinquè,sinkeː
Cinquento,sinkento
Cintura,sintuɾa
Cinturà,sintuɾaː
Circumcisá,siɾkumsizaː
circumciá,siɾkumsiaː
Circumcido,siɾkumsido
Cizo,sizo
Cizomente,sizomente
Clar,klaɾ
Clarmente,klaɾmente
Cóber,koːbeɾ
Cobiço,kobiso
Kófi,koːfi
Coidá,kojdaː
Coidado,kojdado
Çoità,sojtaː
Coitado,kojtado
Colleição,koleisaːo
Color,koloɾ
clor,kloɾ
Columno,kolumno
Cóma,koːma
comè,komeː
Combersan,kombeɾsan
Começa,komesa
Comedi,komedi
comédè,komeːdeː
Comera,komeɾa
comêrè,komeːɾeː
comero,komeɾo
comeira,komeiɾa
coméria,komeːɾia
Comers,komeɾs
Comfortable,komfoɾtable
Comidá,komidaː
Comidação,komidasaːo
Commettá,kometːaː
Comménda,komeːnda
Comminhão,komiɲaːo
Communigá,komunigaː
Companha,kompaɲa
compinha,kompiɲa
Companhà,kompaɲaː
compinhà,kompiɲaː
Companhamen-to,kompaɲamen to
companhimento,kompaɲimento
compinhamento,kompiɲamento
Compinhador,kompiɲadoɾ
Companhério,kompaɲeːɾio
compinheiro,kompiɲeiɾo
Compania,kompania
Competè,kompeteː
competá,kompetaː
Complemento,komplemento
Compridão,kompɾidaːo
comperdão,kompeɾdaːo
compramento,kompɾamento
Comtodo,komtodo
Con'cé,konəseː
Cóncert,koːnseɾt
Concertá,konseɾtaː
Concérta,konseːɾta
Concià,konsiaː
Condiná,kondinaː
Condinação,kondinasaːo
Confessão,konfesaːo
confesso,konfeso
Confiador,konfiadoɾ
Confidença,konfidensa
Confina,konfina
Conforma,konfoɾma
Confundá,konfundaː
Confusado,konfuzado
condusadoso,konduzadozo
Consciancia,konssiansia
conscencia,konssensia
Consecrá,konsekɾaː
Consecração,konsekɾasaːo
Conselà,konselaː
Conselação,konselasaːo
consalação,konsalasaːo
Conselador,konseladoɾ
Conselyo,konseljo
Conselharo,konseʎaɾo
conselhéro,konseʎeːɾo
conseleiro,konseleiɾo
Consente,konsente
Consequences,konsekenses
Consistá,konsistaː
Constrangà,konstɾangaː
Constructado,konstɾuktado
Consuma,konsuma
Conta-papel,konta papel
Contendo,kontendo
Contentado,kontentado
Conter,konteɾ
Contino,kontino
continual,kontinual
Continualmente,kontinualmente
Contradizão,kontɾadizaːo
contradiza,kontɾadiza
Contrairo,kontɾaiɾo
Contriá,kontɾiaː
Contriação,kontɾiasaːo
Conversão,konʋeɾsaːo
Convertà,konʋeɾtaː
Convertação,konʋeɾtasaːo
Convidação,konʋidasaːo
Convinçà,konʋinsaː
Copa,kopa
cope,kope
Copa-ti,kopa ti
Copra,kopɾa
Copy,kopj
Coragè,koɾad̠ʒeː
corajo,koɾad̠ʒo
courajo,kouɾad̠ʒo
Coragemente,koɾad̠ʒemente
Cordà,koɾdaː
cordià,koɾdiaː
Cordè,koɾdeː
Cores,koɾes
Coresmo,koɾezmo
Corovà,koɾoʋaː
Corovè,koɾoʋeː
Correctà,korektaː
corrigá,korigaː
Correição,koreisaːo
Correntè,korenteː
currento,kurento
Corruptido,koruptido
Côrto,koːɾto
Cósse,koːse
Cossià,kosiaː
Cossér,koseːɾ
Costa,kosta
Couraço,kouɾaso
Kôrt,koːɾt
Cóusus,koːuzus
cousès,kouzeːs
Cóver,koːʋeɾ
Covodo,koʋodo
covido,koʋido
Creditor,kɾeditoɾ
Crem,kɾem
Crescentà,kɾessentaː
criscentá,kɾissentaː
Criançè,kɾianseː
criença,kɾiensa
Criminal,kɾiminal
Criscé,kɾisseː
crisé,kɾizeː
Crucifigà,kɾusifigaː
Cruveldade,kɾuʋeldade
Cubicè,kubiseː
cubiço,kubiso
Kuda,kuda
Cuidade,kuidade
cuidação,kuidasaːo
cuidança,kuidansa
cuidancè,kuidanseː
Cuidadomente,kuidadomente
cuidademente,kuidademente
Cujéra,kud̠ʒeːɾa
Cale,kale
cúli,kuːli
Culpador,kulpadoɾ
Cum,kum
Cumaso,kumazo
Cum'sá,kuməsaː
Cupá,kupaː
Cupação,kupasaːo
Curá,kuɾaː
Cural,kuɾal
Curavè,kuɾaʋeː
Curtezia,kuɾtezia
Cusá,kuzaː
Cúsa,kuːza
Cúspi,kuːspi
cóspi,koːspi
Custúma,kustuːma
custumo,kustumo
Customà,kustomaː
Dace,dase
Dàlhi,daːʎi
dàlyi,daːlji
dàhi,daːi
dàji,daːd̠ʒi
Dádimo,daːdimo
Danà,danaː
Danação,danasaːo
Danaficà,danafikaː
Danaficação,danafikasaːo
Dandy,dandj
Darté,daɾteː
derté,deɾteː
Dar-tomars,daɾ tomaɾs
Decémber,deseːmbeɾ
De-ceos-visitador,de seos ʋizitadoɾ
Dè,deː
Dedia,dedia
Dek,dek
Declarão,deklaɾaːo
Deféncia,defeːnsia
defencè,defenseː
Deido,deido
Deixa,deiʃa
dessa,desa
Demóni,demoːni
Denheiro,deɲeiɾo
Déntor,deːntoɾ
Dentro-voz,dentɾo ʋos
Deos-bénza,deos beːnza
Dér,deːɾ
Deremá,deɾemaː
Desasparà,dezaspaɾaː
Descargà,deskaɾgaː
Desci,dessi
Desclorà,deskloɾaː
Descompetido,deskompetido
Descompetidomente,deskompetidomente
Descontentado,deskontentado
Descuidação,deskuidasaːo
descuidancè,deskuidanseː
Deseijo,dezeid̠ʒo
deselho,dezeʎo
Deseijà,dezeid̠ʒaː
Desembarçan,dezembaɾsan
Desempàr,dezempaːɾ
desemp'raçáo,dezempəɾasaːo
Desempará,dezempaɾaː
desemprà,dezempɾaː
Desfamá,desfamaː
Desfazedo,desfazedo
desfazido,desfazido
Desfruitoso,desfɾuitozo
Desgardecé,dezgaɾdeseː
Desgradecimento,dezgɾadesimento
Desgosto-vida,dezgosto ʋida
Deshonestade,deʃonestade
Desià,deziaː
disià,diziaː
diziá,diziaː
Desio,dezio
disio,dizio
Desimportá,dezimpoɾtaː
desemportá,dezempoɾtaː
Desemportado,dezempoɾtado
Desemportança,dezempoɾtansa
desemportação,dezempoɾtasaːo
Deslimpo,dezlimpo
Deslimpéza,dezlimpeːza
Deslimpá,dezlimpaː
Desmará,dezmaɾaː
Desmasiação,dezmaziasaːo
Desobedencia,dezobedensia
Despadaçá,despadasaː
Desparança,despaɾansa
Desparecê,despaɾeseː
desparcé,despaɾseː
Disparcido,dispaɾsido
Despôde,despoːde
Despois,despojs
Despossessá,desposesaː
Desprazá,despɾazaː
Desprendido,despɾendido
Desprovà,despɾoʋaː
Desproveitoso,despɾoʋeitozo
Destribuá,destɾibuaː
Destribuação,destɾibuasaːo
destribução,destɾibusaːo
Destruvé,destɾuʋeː
destruivé,destɾuiʋeː
destruvà,destɾuʋaː
Destruiação,destɾuiasaːo
destruivição,destɾuiʋisaːo
destrucção,destɾuksaːo
Desvai,desʋai
Desvaloso,desʋalozo
Dettà,detːaː
Devida,deʋida
déuda,deːuda
dieudè,dieudeː
Devidor,deʋidoɾ
dividor,diʋidoɾ
Devotado,deʋotado
Devotamos,deʋotamos
Dézimo,deːzimo
Dézimos,deːzimos
Dezimá,dezimaː
Dez-mil-mil,dez mil mil
Dezoitè,dezojteː
Dia,dia
Diabolei,diabolei
Diamante-jubli,diamante d̠ʒubli
Diantá,diantaː
Diante-casa,diante kaza
Differéncia,difeɾeːnsia
Dinhéro,diɲeːɾo
Directà,diɾektaː
Disaccordancè,dizakoɾdanseː
Desapprovado,dezappɾoʋado
Discé,disseː
Discendé,dissendeː
Discerto,disseɾto
Discete,dissete
Disciplo,dissiplo
Disconfiador,diskonfiadoɾ
Disconfiadeira,diskonfiadeiɾa
Disconsalado,diskonsalado
Discontentomento,diskontentomento
Disconvertido,diskonʋeɾtido
Discourtezia,diskouɾtezia
Disemperado,dizempeɾado
Disfayeção,disfajesaːo
Disfiel,disfiel
disfieldado,disfieldado
Disfielmente,disfielmente
Disfieldade,disfieldade
Disgerado,dizd̠ʒeɾado
Disgosto,dizgosto
Dish,diʃ
Dishonorá,diʃonoɾaː
Dishonrável,diʃonɾaːʋel
Dislevedado,dizleʋedado
Dismercé,dizmeɾseː
Dismercimento,dizmeɾsimento
Dismissão,dizmisaːo
Dismuê,dizmueː
Desobdecimento,dezobdesimento
Disobedecido,dizobedesido
Disperdiçà,dispeɾdisaː
Dispidê,dispideː
Dispôs,dispoːs
Disprazeiro,dispɾazeiɾo
Disputação,disputasaːo
Disregulado,dizɾegulado
Disrepartido,dizɾepaɾtido
Disrezoado,dizɾezoado
Dissilim,disilim
Dissaude,disaude
Distrançà,distɾansaː
Distrançador,distɾansadoɾ
Distranço,distɾanso
Distresso,distɾeso
Disvalia,disʋalia
Disvalià,disʋaliaː
Disvalioso,disʋaliozo
Dito,dito
Divinidade,diʋinidade
Divudo,diʋudo
Dizido,dizido
Docéro,doseːɾo
Dóctor,doːktoɾ
Dódo,doːdo
Dodice,dodise
doudiça,doudisa
dodiço,dodiso
Dodado,dodado
Doençá,doensaː
Dolôr,doloːɾ
Dominião,dominiaːo
Dor-quebrado,doɾ kebɾado
Dós,doːs
dous,dous
Dous-dobrado,dous dobɾado
Doutrino,doutɾino
Doutro,doutɾo
Dovencè,doʋenseː
Dó-vestido,doː ʋestido
Dozeiro,dozeiɾo
douzeiro,douzeiɾo
Dózimo,doːzimo
Drek,dɾek
Dréker,dɾeːkeɾ
Dreito,dɾeito
dreto,dɾeto
Dromi,dɾomi
dromé,dɾomeː
drumé,dɾumeː
Dromiçá,dɾomisaː
Dromiçá,dɾomisaː
Drop,dɾop
Dúcats,duːkats
Dúki,duːki
Dukesè,dukezeː
Durança,duɾansa
Duvidade,duʋidade
duvidança,duʋidansa
Duvidando,duʋidando
Earnestè,eaɾnesteː
Eamestemente,eamestemente
Earnestidade,eaɾnestidade
Egualação,egualasaːo
Egualado,egualado
Egualadomente,egualadomente
Ementà,ementaː
Emendador,emendadoɾ
Emperador,empeɾadoɾ
emperdor,empeɾdoɾ
Empressado,empɾesado
Encenso,ensenso
Encircà,ensiɾkaː
Encontração,enkontɾasaːo
Enculcá,enkulkaː
Enculcação,enkulkasaːo
Enfante,enfante
Enferno,enfeɾno
Engeità,end̠ʒeitaː
Englanterra,englantera
Engrato,engɾato
Enguento,end̠ʒento
Enimigo,enimigo
enimingo,enimingo
enemingo,enemingo
Enjoelho,end̠ʒoeʎo
Enjoelhá,end̠ʒoeʎaː
Enjusticia,end̠ʒustisia
Enluminá,enluminaː
enlumiá,enlumiaː
Enrodiá,enɾodiaː
Ensinador,ensinadoɾ
Ensombrado,ensombɾado
Enteiro,enteiɾo
Enténcia,enteːnsia
Envéja,enʋeːd̠ʒa
envejè,enʋed̠ʒeː
envéjo,enʋeːd̠ʒo
enveijo,enʋeid̠ʒo
Envisté,enʋisteː
Erdávè,eɾdaːʋeː
Erdéro,eɾdeːɾo
Eropa,eɾopa
Escola-mestre,eskola mestɾe
Esfriado,esfɾiado
Esperdiçá,espeɾdisaː
esperdicé,espeɾdiseː
esperdeçá,espeɾdesaː
esperdecê,espeɾdeseː
Esperdição,espeɾdisaːo
Esperta,espeɾta
espertel,espeɾtel
Este,este
Estelei,estelei
Estopo,estopo
Etiqua,etikua
Fábre,faːbɾe
Faça,fasa
Faê,faeː
Fallà,falaː
Fallars,falaɾs
Falsento,falsento
Falsodade,falsodade
Faltança,faltansa
Famado,famado
Fámea,faːmea
Familha,famiʎa
familyè,familjeː
Familha-oração,famiʎa oɾasaːo
Familhado,famiʎado
Faz,fas
Féxon,feːʃon
Favorà,faʋoɾaː
Favorado,faʋoɾado
Favoroso,faʋoɾozo
Favorosomente,faʋoɾozomente
Favour,faʋouɾ
Fàze,faːze
Fazedo,fazedo
fazido,fazido
Fazendo,fazendo
Fébruari,feːbɾuaɾi
Fee,fee
Feirréro,feireːɾo
Felizamente,felizamente
Felizidade,felizidade
Femè,femeː
Féo,feːo
feu,feu
Feudade,feudade
Ferão,feɾaːo
Ferido,feɾido
Fero,feɾo
Ferraro,feraɾo
Fessão,fesaːo
Festè,festeː
Festià,festiaː
Feticeria,fetiseɾia
Fetiço,fetiso
Feticéro,fetiseːɾo
Feto,feto
Fiado,fiado
Fial,fial
Ficà,fikaː
Fichà,fit̠ʃaː
Ficticioso,fiktisiozo
Fieldade,fieldade
Fifesfifies,fifesfifies
féfes,feːfes
fifeis,fifeis
fifi,fifi
Figas,figas
Figo,figo
Filho-de-moça,fiʎo de mosa
Filyo,filjo
Firmemento,fiɾmemento
Firmidade,fiɾmidade
Fisgà,fizgaː
Fitchá,fit̠ʃaː
Fitè,fiteː
Flamma,flama
Flau,flau
Flek,flek
Floricé,floɾiseː
Floricemento,floɾisemento
Fogà,fogaː
Fólga,foːlga
Folgação,folgasaːo
Folho,foʎo
Folmac,folmak
Fome,fome
Fonte-crystal,fonte kɾjstal
Fontena,fontena
Força,foɾsa
forcè,foɾseː
Forçamente,foɾsamente
forçadomente,foɾsadomente
Fordè,foɾdeː
fórda,foːɾda
Fordaque,foɾdake
Forde-sintido,foɾde sintido
Fórea,foːɾea
fória,foːɾia
Fornè,foɾneː
Forrè,foreː
Fortelezè,foɾtelezeː
fortéza,foɾteːza
Fortificação,foɾtifikasaːo
Fraqueza,fɾakeza
Frechador,fɾet̠ʃadoɾ
Fremoso,fɾemozo
Fremosura,fɾemozuɾa
fremesura,fɾemezuɾa
fremesora,fɾemezoɾa
fremasora,fɾemazoɾa
Frés,fɾeːs
frez,fɾes
Frieudade,fɾieudade
Friu,fɾiu
Frominga,fɾominga
fruminga,fɾuminga
Fronte,fɾonte
Frosteiro,fɾosteiɾo
frostéro,fɾosteːɾo
Frúita,fɾuːjta
Frúito,fɾuːjto
Fruitoso,fɾuitozo
Frutofeira,fɾutofeiɾa
Fugà,fugaː
Fugé,fud̠ʒeː
Fula,fula
fulè,fuleː
Fuma,fuma
Fundà,fundaː
Fundemento,fundemento
Fundéza,fundeːza
fundura,funduɾa
Furtador,fuɾtadoɾ
Furtéza,fuɾteːza
Furugè,fuɾud̠ʒeː
furuja,fuɾud̠ʒa
Furrugento,furud̠ʒento
Gafinhoto,gafiɲoto
Gafo,gafo
Gagueação,gad̠ʒeasaːo
Gáilo,gaːjlo
Gajo,gad̠ʒo
ganyo,ganjo
Ganyà,ganjaː
Galyardè,galjaɾdeː
Gamela,gamela
Gardá,gaɾdaː
Gardamento,gaɾdamento
Gardecé,gaɾdeseː
gardicê,gaɾdiseː
guardicé,guaɾdiseː
Gardecimento,gaɾdesimento
gardicemento,gaɾdisemento
gardiamento,gaɾdiamento
Gardicidomente,gaɾdisidomente
Gavà,gaʋaː
gová,goʋaː
Gavação,gaʋasaːo
Gaytarios,gajtaɾios
Gazià,gaziaː
Gaziação,gaziasaːo
Gemedores,d̠ʒemedoɾes
Gemeduras,d̠ʒemeduɾas
Generà,d̠ʒeneɾaː
Generalmente,d̠ʒeneɾalmente
Gentigo,d̠ʒentigo
Geresan,d̠ʒeɾezan
Glass,glas
Gloriação,gloɾiasaːo
Goldice,goldise
goldiça,goldisa
Goldiçà,goldisaː
Gotiá,gotiaː
Gourdo,gouɾdo
Govemamento,goʋemamento
Governo,goʋeɾno
Gaun,gaun
Gracè,gɾaseː
grácia,gɾaːsia
Grado,gɾado
Grammar,gɾamaɾ
Gran,gɾan
Grande,gɾande
Grandes,gɾandes
Grandomente,gɾandomente
grandamente,gɾandamente
Grandézè,gɾandeːzeː
grandura,gɾanduɾa
grandurè,gɾanduɾeː
Greja,gɾed̠ʒa
Grijo,gɾid̠ʒo
Grik,gɾik
Grog,gɾog
Gubernador,gubeɾnadoɾ
Gudão,gudaːo
Guerrè,d̠ʒereː
Guerrà,d̠ʒeraː
Guerra-dor,d̠ʒera doɾ
Guerrioso,d̠ʒeriozo
Hanscun,anskun
Harpo,aɾpo
Hénder,eːndeɾ
Herdança,eɾdansa
Heregia,eɾed̠ʒia
herecia,eɾesia
Herético,eɾeːtiko
heréjo,eɾeːd̠ʒo
Heridá,eɾidaː
Histórè,istoːɾeː
Hojo,od̠ʒo
hôjoe,oːd̠ʒoe
Hómbra,oːmbɾa
Home,ome
homi,omi
Homicido,omisido
Honeste,oneste
Honestemente,onestemente
Honourado,onouɾado
honerado,oneɾado
Honoravel,onoɾaʋel
Hortè,oɾteː
Hortalão,oɾtalaːo
hortolão,oɾtolaːo
Huã,uaː
Húmè,uːmeː
Humildo,umildo
Humildeza,umildeza
Humiliação,umiliasaːo
Hypocritico,jpokɾitiko
Aiç,ais
Idade,idade
Idóla,idoːla
Idolateiro,idolateiɾo
idoloteiro,idoloteiɾo
Ilharga-ferido,iʎaɾga feɾido
Ilya,ilja
Ilyarga,iljaɾga
Imajo,imad̠ʒo
Immudança,imudansa
Impioso,impiozo
Importado,impoɾtado
Importança,impoɾtansa
Importadomente,impoɾtadomente
Impressà,impɾesaː
Impressado,impɾesado
Impressador,impɾesadoɾ
Impuridade,impuɾidade
Incensà,insensaː
Incenseiro,insenseiɾo
incenséro,insenseːɾo
Incredivel,inkɾediʋel
Indè,indeː
Indulgéncè,induld̠ʒeːnseː
Ingratidade,ingɾatidade
Inimingo,inimingo
inemingo,inemingo
Inexpressavel,ineʃpɾesaʋel
Infruitoso,infɾuitozo
Ingres,ingɾes
Inimizade,inimizade
Injoelho,ind̠ʒoeʎo
injivelho,ind̠ʒiʋeʎo
injevejo,ind̠ʒeʋed̠ʒo
injivejo,ind̠ʒiʋed̠ʒo
Insincero,insinseɾo
Institutà,institutaː
Instruição,instɾuisaːo
Inténcia,inteːnsia
inténci,inteːnsi
Intercessà,inteɾsesaː
Intergridade,inteɾgɾidade
Internal,inteɾnal
Intrudição,intɾudisaːo
Inveijo,inʋeid̠ʒo
Iremão,iɾemaːo
Irès,iɾeːs
Irmana,iɾmana
Iscóchi,iskoːt̠ʃi
Ispirito,ispiɾito
Istôri,istoːɾi
Jà,d̠ʒaː
Jadàwe,d̠ʒadaːʋe
Jagra,d̠ʒagɾa
Jam,d̠ʒam
January,d̠ʒanuaɾj
Jar,d̠ʒaɾ
Jarès,d̠ʒaɾeːs
Jàsper,d̠ʒaːspeɾ
Jásper-mar,d̠ʒaːspeɾ maɾ
Javi,d̠ʒaʋi
javitem,d̠ʒaʋitem
Javiran,d̠ʒaʋiɾan
Jin,d̠ʒin
Jinjúa,d̠ʒind̠ʒuːa
jinúa,d̠ʒinuːa
jinjunação,d̠ʒind̠ʒunasaːo
Jinjuá,d̠ʒind̠ʒuaː
Jornado,d̠ʒoɾnado
Jubilee,d̠ʒubilee
Judá,d̠ʒudaː
judè,d̠ʒudeː
judança,d̠ʒudansa
Judá,d̠ʒudaː
judai,d̠ʒudai
Judador,d̠ʒudadoɾ
judedor,d̠ʒudedoɾ
Jadj,d̠ʒad̠ʒ
Jufrau,d̠ʒufɾau
Julgação,d̠ʒulgasaːo
Julgador,d̠ʒulgadoɾ
Julai,d̠ʒulai
Jumbà,d̠ʒumbaː
Jumbador,d̠ʒumbadoɾ
Jiun,d̠ʒiun
Juntação,d̠ʒuntasaːo
Juntado,d̠ʒuntado
Junto-herdeiro,d̠ʒunto eɾdeiɾo
Junto-obrador,d̠ʒunto obɾadoɾ
Junto-peditóris,d̠ʒunto peditoːɾis
Junto-servidor,d̠ʒunto seɾʋidoɾ
Jurar,d̠ʒuɾaɾ
Justá,d̠ʒustaː
Justado,d̠ʒustado
Justamento,d̠ʒustamento
Justicia,d̠ʒustisia
Justo,d̠ʒusto
Kokeira,kokeiɾa
Labóra,laboːɾa
Lacerdo,laseɾdo
Lacrá,lakɾaː
Laderan,ladeɾan
Ladinha,ladiɲa
Ladroviça,ladɾoʋisa
ladraviça,ladɾaʋisa
ladravicè,ladɾaʋiseː
ladrivicè,ladɾiʋiseː
ladervisa,ladeɾʋiza
Lagárè,lagaːɾeː
Lágri,laːgɾi
láguir,laːd̠ʒiɾ
Lambrança,lambɾansa
Lemp,lemp
Lampo,lampo
Lantá,lantaː
Lanterno,lanteɾno
Lão,laːo
Lapiá,lapiaː
Lasta,lasta
lastè,lasteː
Lastimo,lastimo
Lastro,lastɾo
lástor,laːstoɾ
Laviação,laʋiasaːo
Lavração,laʋɾasaːo
Lé,leː
Lego,lego
leagou,leagou
Legislatà,led̠ʒizlataː
Lei,lei
Leido,leido
Lejado,led̠ʒado
Lembrá,lembɾaː
Léper,leːpeɾ
leprosa,lepɾoza
Lés,leːs
lez,les
leis,leis
Lés,leːs
Leste,leste
lestes,lestes
Lestemente,lestemente
Léte,leːte
Létar,leːtaɾ
létera,leːteɾa
letra,letɾa
Levadura,leʋaduɾa
Leve,leʋe
Levedação,leʋedasaːo
levedado,leʋedado
Leventà,leʋentaː
Lichim,lit̠ʃim
Limita,limita
limito,limito
Lingareiro,lingaɾeiɾo
lingerero,lind̠ʒeɾeɾo
Lingo,lingo
Linguerção,lind̠ʒeɾsaːo
lingersan,lind̠ʒeɾsan
linguarçan,linguaɾsan
Linhos,liɲos
Liverdade,liʋeɾdade
livradade,liʋɾadade
Livrança,liʋɾansa
livrancè,liʋɾanseː
livração,liʋɾasaːo
Ló,loː
Lodia,lodia
Lodo,lodo
Logarmésmo,logaɾmeːzmo
Loiros,lojɾos
Loità,lojtaː
Loitamento,lojtamento
loitança,lojtansa
Loser,lozeɾ
Louvro,louʋɾo
Lovà,loʋaː
Lugàra,lugaːɾa
Iugàrè,iugaːɾeː
Iugària,iugaːɾia
Lugar-gosto,lugaɾ gosto
Luguéra,lud̠ʒeːɾa
Luma,luma
Lumár,lumaːɾ
lumára,lumaːɾa
lumaré,lumaɾeː
Lumado,lumado
Lumià,lumiaː
Luminário,luminaːɾio
luminairo,luminaiɾo
lum'nario,lumənaɾio
Luzé,luzeː
Luzindo,luzindo
Maas,mas
Mação,masaːo
Macéo,maseːo
Machicá,mat̠ʃikaː
Mexin,meʃin
Macho-criancè,mat̠ʃo kɾianseː
Màdam,maːdam
Madergà,madeɾgaː
Mademá,mademaː
Mafatría,mafatɾiːa
Magovà,magoʋaː
maguvà,maguʋaː
Mai,mai
Mainato,mainato
Maisdiante,maizdiante
Maisque,maiske
masque,maske
Majestado,mad̠ʒestado
Major,mad̠ʒoɾ
Mal,mal
Maldiçansa,maldisansa
Maldiçoà,maldisoaː
maldiçà,maldisaː
Malfetor,malfetoɾ
Malino,malino
Mal-prestado,mal pɾestado
Malusancia,maluzansia
Mamma,mama
ma,ma
Man,man
Man',manə
Mandemento,mandemento
Manduco,manduko
Mangue,mand̠ʒe
Manhão,maɲaːo
Ment'l,mentəl
Manhecé,maɲeseː
manecê,maneseː
Manéja,maneːd̠ʒa
manejador,maned̠ʒadoɾ
Mão-em-mão,maːo em maːo
Mép,meːp
Mará,maɾaː
marrá,maraː
Marado,maɾado
Maradura,maɾaduɾa
Mára,maːɾa
marè,maɾeː
Martch,maɾt̠ʃ
Marello,maɾelo
Marga,maɾga
Margôra,maɾgoːɾa
Margoso,maɾgozo
Márgu,maːɾgu
Mármor,maːɾmoɾ
màrmar,maːɾmaɾ
Martellè,maɾteleː
martél,maɾteːl
Mártyro,maːɾtjɾo
Marvia,maɾʋia
Marvioso,maɾʋiozo
Marvilha,maɾʋiʎa
Marvilhà,maɾʋiʎaː
Más,maːs
Masante,mazante
Mascomtudo,maskomtudo
Masdiante,mazdiante
Maçabado,masabado
Maslins,mazlins
Massà,masaː
Massavo,masaʋo
Mástri,maːstɾi
Masvinho,masʋiɲo
Matação,matasaːo
matança,matansa
Matches,mat̠ʃes
Mate,mate
Matinha,matiɲa
Métres,meːtɾes
Mêi,meːj
Medè,medeː
Media,media
Miting,miting
Megoà,megoaː
melgoá,melgoaː
MeGoa creoledor,megoa kɾeoledoɾ
Meido,meido
Melhoramente,meʎoɾamente
Mellifluoso,melifluozo
Memo,memo
Memoso,memozo
Mentè,menteː
Méo,meːo
Mercacia,meɾkasia
Mercadeira,meɾkadeiɾa
Mercê,meɾseː
Mercemento,meɾsemento
mercimento,meɾsimento
mericemento,meɾisemento
Merecê,meɾeseː
Meritória,meɾitoːɾia
Merón,meɾoːn
Mès,meːs
méis,meːjs
Més,meːs
Méssa,meːsa
Messá,mesaː
Messangeiro,mesand̠ʒeiɾo
massengeiro,masend̠ʒeiɾo
Mestre,mestɾe
méstri,meːstɾi
Metade,metade
metai,metai
Methodisto,metodisto
Milagrioso,milagɾiozo
Mail,mail
Militàrio,militaːɾio
Millions,milions
Mils,mils
Mimôri,mimoːɾi
Minguação,minguasaːo
Minha,miɲa
minhè,miɲeː
Ministeiro,ministeiɾo
Ministração,ministɾasaːo
Minté,minteː
Minteira,minteiɾa
Minteroso,minteɾozo
mintroso,mintɾozo
Minuito,minuito
Mira,miɾa
Misaravel,mizaɾaʋel
misravel,mizɾaʋel
Misinha,miziɲa
Misricordia,mizɾikoɾdia
misrecordia,mizɾekoɾdia
Misricordioso,mizɾikoɾdiozo
Misté,misteː
mista,mista
Mistia,mistia
Mistem,mistem
Mistrá,mistɾaː
Moça,mosa
Moção,mosaːo
Mofiná,mofinaː
Moito,mojto
Moleira,moleiɾa
Molgá,molgaː
Molyà,moljaː
Molya,molja
mujà,mud̠ʒaː
Mónster,moːnsteɾ
Montanho,montaɲo
Mooi,mooj
Moradè,moɾadeː
morado,moɾado
morando,moɾando
morança,moɾansa
moradura,moɾaduɾa
Morra,mora
Morrendo,morendo
Morro,moro
Mortajo,moɾtad̠ʒo
Mortià,moɾtiaː
Mostárdè,mostaːɾdeː
Mourdé,mouɾdeː
Mourdindo,mouɾdindo
Movà,moʋaː
Muê,mueː
muá,muaː
Mudana,mudana
Mudáncè,mudaːnseː
mudação,mudasaːo
Mudano,mudano
Mulhàra,muʎaːɾa
Mulvado,mulʋado
Mundado,mundado
Mundoso,mundozo
Murguiá,muɾd̠ʒiaː
Murguiaçâo,muɾd̠ʒiasaːo
Murindo,muɾindo
Murmerà,muɾmeɾaː
Murmeração,muɾmeɾasaːo
Murré,mureː
Musicante,muzikante
Musico,muziko
Mustrà,mustɾaː
Mutúra,mutuːɾa
Mystéria,mjsteːɾia
Nacemento,nasemento
Nada,nada
Nada,nada
nadè,nadeː
nandè,nandeː
Nadia,nadia
Namais,namais
namás,namaːs
Nan,nan
Natal-dia,natal dia
Nau-quebrado,nau kebɾado
Navigà,naʋigaː
Necestade,nesestade
Negligá,negligaː
Negócia,negoːsia
Nehum,neum
nihum,nium
nium,nium
Nemistê,nemisteː
nemistà,nemistaː
nimisté,nimisteː
numistè,numisteː
Nérva,neːɾʋa
Nigrinha,nigɾiɲa
Nimito,nimito
nimíta,nimiːta
Nimità,nimitaː
Nimitação,nimitasaːo
Ninquer,ninkeɾ
Ninqueria,ninkeɾia
Nistá,nistaː
Nistade,nistade
Nó,noː
nuó,nuoː
Nóber,noːbeɾ
Nobilidade,nobilidade
Nobréza,nobɾeːza
Nocente,nosente
nocenti,nosenti
Nogo,nogo
Noivu,nojʋu
Nómber,noːmbeɾ
Nompodé,nompodeː
nompôdi,nompoːdi
Nompodia,nompodia
Nona,nona
Nôtis,noːtis
Nonca,nonka
nonco,nonko
nuca,nuka
núcu,nuːku
Nono,nono
Nossè,noseː
Nossotros,nosotɾos
Notáris,notaːɾis
Novas-papella,noʋas papela
Novémber,noʋeːmbeɾ
Nóves,noːʋes
Nóvis,noːʋis
Nué,nueː
nuvé,nuʋeː
nuá,nuaː
Num,num
nun,nun
Numpodé,numpodeː
numpôdi,numpoːdi
Numpodia,numpodia
Nuntem,nuntem
Nuntinha,nuntiɲa
Numbro,numbɾo
Nunca,nunka
nunco,nunko
Nuvè,nuʋeː
Ô,oː
Obedicé,obediseː
obdecé,obdeseː
Obdicindo,obdisindo
Obedecencia,obedesensia
obedecimento,obedesimento
Obre,obɾe
óber,oːbeɾ
Obração,obɾasaːo
Obraro,obɾaɾo
Obrigacè,obɾigaseː
Occidente,osidente
Octóber,oktoːbeɾ
Ódia,oːdia
Offéncia,ofeːnsia
Offercé,ofeɾseː
Offercimento,ofeɾsimento
offeração,ofeɾasaːo
offerça,ofeɾsa
offerço,ofeɾso
Ófis,oːfis
Ófiser,oːfizeɾ
Officina,ofisina
officio,ofisio
officia,ofisia
offiço,ofiso
Ogo,ogo
Oitórè,ojtoːɾeː
Olhà,oʎaː
Olyà,oljaː
oyà,ojaː
Olyo,oljo
Ómber,oːmbeɾ
Omóris,omoːɾis
Omp,omp
ompi,ompi
Ontà,ontaː
Onte,onte
ónti,oːnti
ónta,oːnta
Onzimo,onzimo
Oppressà,oppɾesaː
Oratória,oɾatoːɾia
Orde,oɾde
órdi,oːɾdi
Ordinà,oɾdinaː
Ordinancias,oɾdinansias
Oriente,oɾiente
Orlozo,oɾlozo
Orphano,oɾfano
Ortelão,oɾtelaːo
Orvai,oɾʋai
oravai,oɾaʋai
Otro,otɾo
outrè,outɾeː
Oudisido,oudizido
Ouleiro,ouleiɾo
Oura,ouɾa
óru,oːɾu
Ouro-anjo,ouɾo and̠ʒo
Ouro-coroa,ouɾo koɾoa
Ouvida,ouʋida
ovido,oʋido
ovida,oʋida
Ovi,oʋi
Ovelho,oʋeʎo
Óksigen,oːksid̠ʒen
Pacencia,pasensia
pacénci,paseːnsi
paciénci,pasieːnsi
Padaço,padaso
padas,padas
padaz,padas
Padecemento,padesemento
Padicé,padiseː
Pagà,pagaː
Pague,pad̠ʒe
Palaço,palaso
Palàver,palaːʋeɾ
pàlver,paːlʋeɾ
pàlvra,paːlʋɾa
Palavrado,palaʋɾado
Palmião,palmiaːo
Palmo,palmo
Pamperlão,pampeɾlaːo
Pan,pan
Pancádè,pankaːdeː
pancado,pankado
Panhà,paɲaː
Panocrua,panokɾua
Pap,pap
Papagaia,papagaia
Papella,papela
papélè,papeːleː
Papiá,papiaː
Papiador,papiadoɾ
Papus,papus
Par,paɾ
Pará,paɾaː
Paràbel,paɾaːbel
Parêd,paɾeːd
Paradiso,paɾadizo
Parçaria,paɾsaɾia
Parè,paɾeː
Paridura,paɾiduɾa
Parecè,paɾeseː
parcé,paɾseː
Parecer,paɾeseɾ
parcer,paɾseɾ
Pareço,paɾeso
Parecemento,paɾesemento
parcemento,paɾsemento
paricimento,paɾisimento
Parentelha,paɾenteʎa
Parentes,paɾentes
Parentesca,paɾenteska
Parol,paɾol
Paroliero,paɾolieɾo
Parpora,paɾpoɾa
Parque,paɾke
parqui,paɾki
Parrà,paraː
Pàrtei,paːɾtei
Parte-possuidor,paɾte posuidoɾ
Paçá,pasaː
Passagè,pasad̠ʒeː
passajo,pasad̠ʒo
pasajo,pazad̠ʒo
passai,pasai
passei,pasei
Passá,pasaː
Pascencia,passensia
Pasco,pasko
Pascoa-tempo,paskoa tempo
Passangeiro,pasand̠ʒeiɾo
Passante,pasante
Passavel,pasaʋel
Pastro,pastɾo
pastor,pastoɾ
Pasteá,pasteaː
Pastempo,pastempo
Pastrinho,pastɾiɲo
pasterinho,pasteɾiɲo
pastronélè,pastɾoneːleː
Pastro,pastɾo
pastúr,pastuːɾ
Pateca,pateka
Patriarco,patɾiaɾko
Patta,patːa
Paun,paun
Pavi,paʋi
Péci,peːsi
pési,peːzi
Peçonhoto,pesoɲoto
Pécora,peːkoɾa
Péder,peːdeɾ
Pederia,pedeɾia
pedria,pedɾia
Peditória,peditoːɾia
peditóri,peditoːɾi
pidetória,pidetoːɾia
Pedrejà,pedɾed̠ʒaː
pedreyà,pedɾejaː
pedriá,pedɾiaː
Pegado,pegado
Pégados,peːgados
Pei,pei
Pelegrino,pelegɾino
Péli,peːli
Pelo,pelo
Pelour,pelouɾ
Penerá,peneɾaː
Pénès,peːneːs
pànès,paːneːs
Penetenti,penetenti
Péshon,peːʃon
Pequinino,pekinino
Pequino,pekino
Per,peɾ
pera,peɾa
perè,peɾeː
Percauso,peɾkauzo
Perdá,peɾdaː
Perdeção,peɾdesaːo
Perdovà,peɾdoʋaː
Perfeità,peɾfeitaː
Perfeitado,peɾfeitado
Periba,peɾiba
Perigreneção,peɾigɾenesaːo
Perla,peɾla
Permanecente,peɾmanesente
Permittá,peɾmitːaː
Perseguaição,peɾseguaisaːo
Persuaidir,peɾsuaidiɾ
Pertruvà,peɾtɾuʋaː
Pervertà,peɾʋeɾtaː
Pesadura,pezaduɾa
Pé-solto,peː solto
Pessõa,pesoːa
peason,peazon
pessão,pesaːo
pessan,pesan
Péstia,peːstia
Pete,pete
péti,peːti
Petishon,petiʃon
Péto,peːto
Pézo,peːzo
Piadade,piadade
Piadoso,piadozo
pidoso,pidozo
Piatória,piatoːɾia
piatóri,piatoːɾi
Pidé,pideː
Pill,pil
Pilgrima,pilgɾima
Pinchà,pint̠ʃaː
Pindurá,pinduɾaː
Pindrado,pindɾado
Pinhor,piɲoɾ
Pintador,pintadoɾ
Paip,paip
Piquin,pikin
Pirigo,piɾigo
Pirigá,piɾigaː
Piregoso,piɾegozo
Piscôs,piskoːs
Pisinhoto,piziɲoto
Pistól,pistoːl
Plaga,plaga
plágu,plaːgu
Plein,plein
Plan,plan
Plánchè,plaːnt̠ʃeː
Planétè,planeːteː
Plat,plat
Plein,plein
Plenári,plenaːɾi
Plenidão,plenidaːo
Ploi,ploj
Póbir,poːbiɾ
Póco,poːko
Podéra,podeːɾa
Pódeser,poːdezeɾ
pódiser,poːdizeɾ
Podricé,podɾiseː
Podre-cido,podɾe sido
Po'e,poəe
poi,poj
Polvito,polʋito
Polvito-boceta,polʋito boseta
Pompôria,pompoːɾia
pompôri,pompoːɾi
Pontá,pontaː
Ponto,ponto
pontè,ponteː
Porcadade,poɾkadade
Poristo,poɾisto
Porta-rua,poɾta ɾua
Portugueza,poɾtud̠ʒeza
Possebé,posebeː
possibé,posibeː
pos-suibé,pos suibeː
Possessá,posesaː
Póssia,poːsia
Pótar,poːtaɾ
Pouches,pout̠ʃes
póuchis,poːut̠ʃis
Pouco-idade,pouko idade
Póvès,poːʋeːs
Povoção,poʋosaːo
povesan,poʋezan
Praino,pɾaino
Prandè,pɾandeː
Pranta,pɾanta
Prato,pɾato
Prazero,pɾazeɾo
prazeiro,pɾazeiɾo
Predicá,pɾedikaː
Predicação,pɾedikasaːo
Pregação-horas,pɾegasaːo oɾas
Pregoá,pɾegoaː
Preguador,pɾeguadoɾ
Preguècè,pɾed̠ʒeːseː
Premeiro,pɾemeiɾo
Premesso,pɾemeso
primeiço,pɾimeiso
pri-meço,pɾi meso
Prendé,pɾendeː
prendá,pɾendaː
prandé,pɾandeː
Prendo,pɾendo
prendá,pɾendaː
Prénha,pɾeːɲa
prenhe,pɾeɲe
Prensa,pɾensa
prenso,pɾenso
Preperá,pɾepeɾaː
Presa,pɾeza
Presado,pɾezado
Preso,pɾezo
Preso-casa,pɾezo kaza
Preséncia,pɾezeːnsia
presènci,pɾezeːnsi
Preso,pɾezo
prezo,pɾezo
Présta,pɾeːsta
prestamente,pɾestamente
preste,pɾeste
prestemente,pɾestemente
prestado,pɾestado
prestadomente,pɾestadomente
prestè,pɾesteː
Prestá,pɾestaː
Présta,pɾeːsta
prestado,pɾestado
prestade,pɾestade
prestança,pɾestansa
Preténcia,pɾeteːnsia
Prevalá,pɾeʋalaː
Prevalência,pɾeʋaleːnsia
Primacia,pɾimasia
Priméro,pɾimeːɾo
Primeté,pɾimeteː
primité,pɾimiteː
primitá,pɾimitaː
Premitido,pɾemitido
Primo,pɾimo
Primo-ferido,pɾimo feɾido
Princézè,pɾinseːzeː
Principal,pɾinsipal
Principalidado,pɾinsipalidado
Prinspo,pɾinspo
prenspo,pɾenspo
Prisoneiro,pɾizoneiɾo
Pristè,pɾisteː
Privilézia,pɾiʋileːzia
privilézè,pɾiʋileːzeː
Produzé,pɾoduzeː
producé,pɾoduseː
Professão,pɾofesaːo
Profundura,pɾofunduɾa
Propheciá,pɾofesiaː
Propheto,pɾofeto
Própi,pɾoːpi
Proposá,pɾopozaː
Propôsal,pɾopoːzal
Prósimo,pɾoːzimo
prózimo,pɾoːzimo
prosmo,pɾozmo
prósmi,pɾoːzmi
Prostratá,pɾostɾataː
Protectá,pɾotektaː
Provéita,pɾoʋeːjta
Proveitá,pɾoʋeitaː
pruveitá,pɾuʋeitaː
Proveitação,pɾoʋeitasaːo
Pruffia,pɾufia
profia,pɾofia
Pruffiá,pɾufiaː
Pruffiador,pɾufiadoɾ
Prugunta,pɾugunta
prunta,pɾunta
pruntè,pɾunteː
prunto,pɾunto
Pruguntá,pɾuguntaː
pruntá,pɾuntaː
Pruvá,pɾuʋaː
prouvá,pɾouʋaː
Psalmisto,psalmisto
Puçá,pusaː
pusá,puzaː
Púchi,puːt̠ʃi
Punhá,puɲaː
Puridade,puɾidade
Purificando,puɾifikando
Purismo,puɾizmo
Quadrilla,kuadɾila
Quártrimo,kuaːɾtɾimo
Quátor,kuaːtoɾ
Quebrentá,kebɾentaː
Quebrentação,kebɾentasaːo
Quédè,keːdeː
quadè,kuadeː
Quehora,keoɾa
Quehoraseja,keoɾazed̠ʒa
Quelai,kelai
quilai,kilai
quilei,kilei
quelai,kelai
Quem,kem
Quemsu,kemsu
Quemá,kemaː
quimà,kimaː
Quemadura,kemaduɾa
Quemodo,kemodo
Quenhão,keɲaːo
quinha,kiɲa
Quentá,kentaː
Quentura,kentuɾa
Querré,kereː
Querrendo,kerendo
Querendomente,keɾendomente
querandomente,keɾandomente
Quizer,kizeɾ
Querer,keɾeɾ
queria,keɾia
querria,keria
Querioso,keɾiozo
Quèssa,keːsa
quesa,keza
Quessá,kesaː
Quessador,kesadoɾ
Quetanto,ketanto
qutanto, k utanto
Quifoi,kifoj
Quindé,kindeː
quindi,kindi
Quinhador,kiɲadoɾ
Quorenta,kuoɾenta
Rabana,rabana
rabánè,rabaːneː
Rabentá,rabentaː
Rafiná,rafinaː
Rai,rai
Raiva,raiʋa
raivè,raiʋeː
raibè,raibeː
Ramesindo,ramezindo
Ramo,ramo
Ramucé,ramuseː
Rancá,rankaː
ranchá,rant̠ʃaː
Rancho,rant̠ʃo
Rapicá,rapikaː
Rastá,rastaː
Rastià,rastiaː
Rátel,raːtel
Ratinha,ratiɲa
Rebeldo,rebeldo
Rebellador,rebeladoɾ
Rebelloso,rebelozo
Recadá,rekadaː
Recia,resia
Reciá,resiaː
Recompensão,rekompensaːo
Redá,redaː
Redimé,redimeː
redemé,redemeː
Redundo,redundo
Refença,refensa
refencia,refensia
Refencioso,refensiozo
Refrescação,refɾeskasaːo
Refrigeiro,refɾid̠ʒeiɾo
Refujo,refud̠ʒo
Regáchi,regaːt̠ʃi
Règuel,reːd̠ʒel
Régiment,reːd̠ʒiment
Registração,red̠ʒistɾasaːo
Regná,regnaː
Regolá,regolaː
Rejectá,red̠ʒektaː
Rejeitamento,red̠ʒeitamento
Relijão,relid̠ʒaːo
religio,relid̠ʒio
reliji,relid̠ʒi
relizè,relizeː
relézi,releːzi
Relijoso,relid̠ʒozo
Remèdi,remeːdi
remédè,remeːdeː
remedio,remedio
Rempido,rempido
Rendá,rendaː
Rendaro,rendaɾo
Repagá,repagaː
Repário,repaːɾio
Repartição,repaɾtisaːo
Rependê,rependeː
Rependimento,rependimento
Repentá,repentaː
Repentação,repentasaːo
Repostá,repostaː
Reprende,repɾende
Reprensão,repɾensaːo
Reprová,repɾoʋaː
Reptiles,reptiles
reptils,reptils
Requedá,rekedaː
Requedação,rekedasaːo
Requéza,rekeːza
Requirivel,rekiɾiʋel
Resgueto,rezd̠ʒeto
Resolvá,rezolʋaː
Respeitado,respeitado
Respéto,respeːto
Resplandente,resplandente
resplandoso,resplandozo
Responsibilidade,responsibilidade
Restanto,restanto
Restorá,restoɾaː
Restoração,restoɾasaːo
Retorná,retoɾnaː
Retórna,retoːɾna
Revereno,reʋeɾeno
Rexinol,reʃinol
Rezão,rezaːo
rezan,rezan
Rezonavel,rezonaʋel
Revolá,reʋolaː
Rheumatism,reumatizm
Riba,riba
ribè,ribeː
Richo,rit̠ʃo
riqueiro,rikeiɾo
Riscá,riskaː
Riu,riu
Rodiá,rodiaː
Róga,roːga
Roido,rojdo
Róla,roːla
Rompá,rompaː
Ronchà,ront̠ʃaː
Rondade,rondade
Rosairo,rozaiɾo
Rostè,rosteː
Rota,rota
Rotados,rotados
Rubá,rubaː
Rubador,rubadoɾ
Rubação,rubasaːo
Rudela,rudela
Ruino,ruino
ruvína,ruʋiːna
ruvinação,ruʋinasaːo
Ruiná,ruinaː
ruviná,ruʋinaː
Rule,rule
Rumpé,rumpeː
Ruva,ruʋa
Saberoso,sabeɾozo
sabaroso,sabaɾozo
sabroso,sabɾozo
Saco,sako
Sacrifiço,sakɾifiso
SaGoa creolete,sagoa kɾeolete
sagovate,sagoʋate
Sahinho,saiɲo
Salutá,salutaː
Salutação,salutasaːo
Sandê,sandeː
sandà,sandaː
Santá,santaː
Santildade,santildade
Sápier,saːpieɾ
séper,seːpeɾ
Sapteiro,sapteiɾo
Sará,saɾaː
Sarado,saɾado
Sariants,saɾiants
Sastra,sastɾa
Satisfazido,satisfazido
Satisfeitomente,satisfeitomente
Saude,saude
saode,saode
savôdi,saʋoːdi
Saudição,saudisaːo
Saúdo,sauːdo
saudo-dia,saudo dia
Sayão,sajaːo
sayán,sajaːn
Secado,sekado
Secta,sekta
secto,sekto
Secura,sekuɾa
Secura-chão,sekuɾa t̠ʃaːo
Sedomente,sedomente
Ségel,seːd̠ʒel
Segredè,segɾedeː
segrédi,segɾeːdi
segradè,segɾadeː
Seguedor,sed̠ʒedoɾ
Seguente,sed̠ʒente
segunte,segunte
Seguiador,sed̠ʒiadoɾ
Seguindo,sed̠ʒindo
Seguradomente,seguɾadomente
Seisenta,seizenta
Seisto,seisto
Seite,seite
Séja,seːd̠ʒa
seija,seid̠ʒa
Sem,sem
Semalhança,semaʎansa
semeIhancè,semeianseː
Sementria,sementɾia
Sempetemo,sempetemo
sempretemo,sempɾetemo
sempieterno,sempieteɾno
Sen,sen
Senan,senan
Senhoris,seɲoɾis
Sentencia,sentensia
Seperá,sepeɾaː
Separação,sepaɾasaːo
Sepiá,sepiaː
Sepulturo,sepultuɾo
Séra,seːɾa
Seraphs,seɾafs
Serezan,seɾezan
Serioso,seɾiozo
Servideira,seɾʋideiɾa
Sés,seːs
Sestomo,sestomo
Seve,seʋe
Significão,signifikaːo
Siguier,sid̠ʒieɾ
Silente,silente
Silentemente,silentemente
Simiá,simiaː
Simple,simple
simplo,simplo
Sinceiro,sinseiɾo
Sincoventè,sinkoʋenteː
Sinhárè,siɲaːɾeː
Sinho,siɲo
Sinté,sinteː
Sintemento,sintemento
Sintido,sintido
Siome,siome
Sir,siɾ
Sirvidor,siɾʋidoɾ
Siso,sizo
Sistê,sisteː
Slack,zlakk
slec,zlek
Slenger,zlend̠ʒeɾ
Sobei',sobeiə
Sobérvia,sobeːɾʋia
Sobrano,sobɾano
Sobredade,sobɾedade
soberdade,sobeɾdade
Sóbri,soːbɾi
sóber,soːbeɾ
Sociadade,sosiadade
Sociado,sosiado
Socorá,sokoɾaː
Socoro,sokoɾo
Soffrá,sofɾaː
Sogeito,sod̠ʒeito
Soitâ,sojtaː
Solemno,solemno
Solicitidão,solisitidaːo
Solteira,solteiɾa
Sombral,sombɾal
sombralho,sombɾaʎo
Sombrè,sombɾeː
sómber,soːmbeɾ
Sombreiro,sombɾeiɾo
sumberaro,sumbeɾaɾo
Sometido,sometido
Sonento,sonento
Stal,stal
Staps,staps
Su,su
Subê,subeː
soubê,soubeː
Subiá,subiaː
Subjecto,subd̠ʒekto
Subtomente,subtomente
Súcar,suːkaɾ
Suffri,sufɾi
Suffrador,sufɾadoɾ
Sujaza,sud̠ʒaza
Sujo,sud̠ʒo
Sumana,sumana
sumanè,sumaneː
Suo,suo
Superemo,supeɾemo
Supo,supo
Supportá,suppoɾtaː
supertá,supeɾtaː
Súppodo,suːppodo
súppudo,suːppudo
Suppodomente,suppodomente
Supporto,suppoɾto
Suppressá,suppɾesaː
Susaso,suzazo
Suscedà,sussedaː
susdé,suzdeː
susté,susteː
sosté,sosteː
Suspicio,suspisio
suspiçan,suspisan
Suspira,suspiɾa
Suvà,suʋaː
Suvida,suʋida
Tábè,taːbeː
Tabemaclo,tabemaklo
Tabo,tabo
Tac,tak
tak,tak
Talhí,taʎiː
Tandá,tandaː
Tanga,tanga
Tanjador,tand̠ʒadoɾ
Tánta,taːnta
Tantohora,tantooɾa
Tappál,tappaːl
Tardancè,taɾdanseː
Tavemo,taʋemo
Tax,taʃ
Tea,tea
Telegramo,telegɾamo
Telhada,teʎada
Tem,tem
Temaro,temaɾo
Témper,teːmpeɾ
Tempésta,tempeːsta
Tend,tend
Tenro,tenɾo
Tenteção,tentesaːo
Terano,teɾano
Terivel,teɾiʋel
Terrestrial,terestɾial
Tesá,tezaː
Teçan,tesan
Testimonio,testimonio
Thesóura,tezoːuɾa
thesauro,tezauɾo
Thesouria,tezouɾia
Ticê,tiseː
tissi,tisi
Tifin,tifin
Tígir,tiːd̠ʒiɾ
Tinhè,tiɲeː
Tirnia,tiɾnia
Tirrá,tiraː
Toca-boca,toka boka
Tocando,tokando
toquando,tokuando
Todo,todo
Tone,tone
Topàz,topaːs
Tormentador,toɾmentadoɾ
Tórna,toːɾna
Tortil,toɾtil
Torno,toɾno
Tosé,tozeː
Traducê,tɾaduseː
Trahido,tɾaido
Train,tɾain
Transgressá,tɾanzgɾesaː
Transgressador,tɾanzgɾesadoɾ
Transportado,tɾanspoɾtado
Trap,tɾap
Trapá,tɾapaː
Travezá,tɾaʋezaː
Traz-cahido,tɾaz kaido
traz-porta,tɾaz poɾta
Travelho,tɾaʋeʎo
travajo,tɾaʋad̠ʒo
travai,tɾaʋai
travia,tɾaʋia
Travalhá,tɾaʋaʎaː
travalyá,tɾaʋaljaː
travejá,tɾaʋed̠ʒaː
traveliá,tɾaʋeliaː
traviá,tɾaʋiaː
Trazeiro,tɾazeiɾo
Treato,tɾeato
Treção,tɾesaːo
tresão,tɾezaːo
tresan,tɾezan
Trediça,tɾedisa
traidice,tɾaidise
Treidor,tɾeidoɾ
tredor,tɾedoɾ
Trémè,tɾeːmeː
Tremedura,tɾemeduɾa
Trevessá,tɾeʋesaː
Trevessado,tɾeʋesado
trevesado,tɾeʋezado
arrevezado,areʋezado
Travesso,tɾaʋeso
treveço,tɾeʋeso
Trezeiro,tɾezeiɾo
trezéro,tɾezeːɾo
Trezeiromente,tɾezeiɾomente
Tribulá,tɾibulaː
Trimi,tɾimi
Trinidade,tɾinidade
Trintè,tɾinteː
Triómpha,tɾioːmfa
Triompliá,tɾiompliaː
Triompliante,tɾiompliante
Tristézè,tɾisteːzeː
Trizê,tɾizeː
trizá,tɾizaː
treizê,tɾeizeː
Troada,tɾoada
truada,tɾuada
trovada,tɾoʋada
trovado,tɾoʋado
truvado,tɾuʋado
Trova,tɾoʋa
truvá,tɾuʋaː
Trobellado,tɾobelado
Trocamento,tɾokamento
Trocido,tɾosido
Trombeto,tɾombeto
trumbetè,tɾumbeteː
Tromenta,tɾomenta
troméntè,tɾomeːnteː
tromento,tɾomento
Tropeço,tɾopeso
troupeço,tɾoupeso
Tropeça,tɾopesa
troupeçà,tɾoupesaː
Troubalá,tɾoubalaː
troubelà,tɾoubelaː
troubalha,tɾoubaʎa
troublà,tɾoublaː
trublá,tɾublaː
Trobellado,tɾobelado
Troublação,tɾoublasaːo
trublação,tɾublasaːo
trubelasan,tɾubelazan
trobalhasan,tɾobaʎazan
Trouble,tɾouble
Traçador,tɾasadoɾ
Trucé,tɾuseː
trussé,tɾuseː
Trusamento,tɾuzamento
Tudos,tudos
Tuli,tuli
Tuo,tuo
Tutana,tutana
Umi,umi
Ungiá,und̠ʒiaː
Urvis,uɾʋis
Usancia,uzansia
usancè,uzanseː
Uscuro,uskuɾo
Uço,uso
Vaca,ʋaka
Vacudade,ʋakudade
Vadade,ʋadade
Vagára,ʋagaːɾa
Vai,ʋai
Valante,ʋalante
Valiá,ʋaliaː
Vanda,ʋanda
Vande,ʋande
Vand'lar-vida,ʋandəlaɾ ʋida
Vanz,ʋans
Vaquinha,ʋakiɲa
vaccinha,ʋasiɲa
Varioso,ʋaɾiozo
Varzè,ʋaɾzeː
vàrzi,ʋaːɾzi
Varzeiro,ʋaɾzeiɾo
vaijeiro,ʋaid̠ʒeiɾo
Vatti,ʋatːi
Ven,ʋen
Vença,ʋensa
vencà,ʋenkaː
Vencador,ʋenkadoɾ
Vein,ʋein
Venettè,ʋenetːeː
vanetta,ʋanetːa
vanettè,ʋanetːeː
Vénkel,ʋeːnkel
vénkal,ʋeːnkal
Ventra,ʋentɾa
vénter,ʋeːnteɾ
Verdedeiro,ʋeɾdedeiɾo
Verdeiromente,ʋeɾdeiɾomente
Verdente,ʋeɾdente
Vergonhadomente,ʋeɾgoɲadomente
Vésper,ʋeːspeɾ
Vestimento,ʋestimento
Veyo,ʋejo
Viagè,ʋiad̠ʒeː
viajo,ʋiad̠ʒo
Veagéro,ʋead̠ʒeːɾo
Vichelei,ʋit̠ʃelei
Vida,ʋida
vidè,ʋideː
Vidèaquél,ʋideːakeːl
Vidèque,ʋideːke
vidèquél,ʋideːkeːl
Vido,ʋido
Vido,ʋido
Vidor,ʋidoɾ
Vigári,ʋigaːɾi
Vigil,ʋid̠ʒil
Vin',ʋinə
Vindo,ʋindo
Vingá,ʋingaː
Vintôrè,ʋintoːɾeː
Vinteroso,ʋinteɾozo
vintroso,ʋintɾozo
Vio,ʋio
Virado,ʋiɾado
Viradomente,ʋiɾadomente
Virgem-ventre,ʋiɾd̠ʒem ʋentɾe
Virrá,ʋiraː
Vistè,ʋisteː
Vistê,ʋisteː
vistá,ʋistaː
Vistementé,ʋistementeː
vistemento,ʋistemento
vistido,ʋistido
Vivenda,ʋiʋenda
Vizia,ʋizia
Viziá,ʋiziaː
Viziador,ʋiziadoɾ
Viziação,ʋiziasaːo
Voltiá,ʋoltiaː
Vossas,ʋosas
Vossè,ʋoseː
Vossotros,ʋosotɾos
Waggon,ʋagon
Waiscoat,ʋaiskoat
Wine,ʋine
Zumbá,zumbaː
Zomberías,zombeɾiːas
zombrias,zombɾias
zombàrios,zombaːɾios
